{
  "timestamp": "2025-10-06T11:58:21.305364",
  "calibration_results": {
    "calibrated_params": {
      "alpha": 1.4770698830334827,
      "beta": 0.8400000000000001,
      "temperature": 0.1,
      "validation_threshold": 0.8
    },
    "metrics": {
      "avg_fractal_dimension": 1.9541397660669655,
      "avg_fci": 0.8,
      "avg_processing_time": -1.5894571940104166e-07,
      "success_rate": 1.0,
      "dictionary_size": 99,
      "valid_entries": 99
    },
    "quantum_patterns": {
      "fractal_dimensions": [
        2.0,
        2.0,
        2.0,
        1.9995768070220947,
        1.984216421842575,
        1.959422379732132,
        1.9698790907859802,
        1.9559069275856018,
        2.0,
        2.0,
        1.9312611818313599,
        1.9411490559577942,
        1.8941327333450317,
        1.8966511487960815,
        1.9573224186897278,
        1.9561679363250732,
        1.9845521450042725,
        1.988422155380249,
        1.98788383603096,
        1.9813443422317505,
        1.9694582521915436,
        1.9592702686786652,
        1.9729230999946594,
        1.9050564169883728,
        1.973541021347046,
        1.9706997275352478,
        1.9731417894363403,
        2.0,
        1.9745717644691467,
        1.966926783323288,
        1.9428519010543823,
        1.919727861881256,
        1.9369136095046997,
        1.843138962984085,
        1.9728180468082428,
        1.9480959177017212,
        2.0,
        2.0,
        1.9985543489456177,
        1.9671336710453033,
        1.9009804427623749,
        1.9730195701122284,
        1.955536425113678,
        1.9363560378551483,
        1.9564633071422577,
        1.8732187449932098,
        1.8605294823646545,
        1.8417024612426758,
        1.8544029593467712,
        1.960731327533722,
        2.0,
        2.0,
        1.9695349037647247,
        1.8532535433769226,
        1.948087066411972,
        1.9908998906612396,
        1.9223611056804657,
        1.938046157360077,
        1.9910392761230469,
        1.9549978077411652,
        1.9416305720806122,
        2.0,
        1.9094794988632202,
        1.9127389788627625,
        1.8494377136230469,
        1.946760654449463,
        1.9174396693706512,
        1.971865713596344,
        1.9061430990695953,
        1.91969233751297,
        1.9273086190223694,
        1.9833854138851166,
        1.9737597107887268,
        1.810754418373108,
        1.9557187259197235,
        1.894435167312622,
        1.973582148551941,
        1.9653023779392242,
        1.8809285461902618,
        1.9655631184577942,
        1.9222865402698517,
        2.0,
        1.8956742584705353,
        2.0,
        1.980375587940216,
        1.9987304210662842,
        1.9825524985790253,
        1.997734010219574,
        1.9850704967975616,
        1.9429557621479034,
        1.995631366968155,
        2.0,
        2.0,
        1.9878357350826263,
        2.0,
        1.9727266132831573,
        1.9682596921920776,
        1.960204839706421,
        2.0
      ],
      "fci_values": [
        0.8,
        0.8,
        0.8,
        0.8,
        0.8,
        0.8,
        0.8,
        0.8,
        0.8,
        0.8,
        0.8,
        0.8,
        0.8,
        0.8,
        0.8,
        0.8,
        0.8,
        0.8,
        0.8,
        0.8,
        0.8,
        0.8,
        0.8,
        0.8,
        0.8,
        0.8,
        0.8,
        0.8,
        0.8,
        0.8,
        0.8,
        0.8,
        0.8,
        0.8,
        0.8,
        0.8,
        0.8,
        0.8,
        0.8,
        0.8,
        0.8,
        0.8,
        0.8,
        0.8,
        0.8,
        0.8,
        0.8,
        0.8,
        0.8,
        0.8,
        0.8,
        0.8,
        0.8,
        0.8,
        0.8,
        0.8,
        0.8,
        0.8,
        0.8,
        0.8,
        0.8,
        0.8,
        0.8,
        0.8,
        0.8,
        0.8,
        0.8,
        0.8,
        0.8,
        0.8,
        0.8,
        0.8,
        0.8,
        0.8,
        0.8,
        0.8,
        0.8,
        0.8,
        0.8,
        0.8,
        0.8,
        0.8,
        0.8,
        0.8,
        0.8,
        0.8,
        0.8,
        0.8,
        0.8,
        0.8,
        0.8,
        0.8,
        0.8,
        0.8,
        0.8,
        0.8,
        0.8,
        0.8,
        0.8
      ],
      "processing_times": [
        -4.76837158203125e-07,
        0.0,
        0.0,
        -2.384185791015625e-07,
        -2.384185791015625e-07,
        0.0,
        0.0,
        0.0,
        0.0,
        -2.384185791015625e-07,
        -2.384185791015625e-07,
        -2.384185791015625e-07,
        0.0,
        -2.384185791015625e-07,
        -2.384185791015625e-07,
        0.0,
        0.0,
        0.0,
        -2.384185791015625e-07,
        0.0,
        -2.384185791015625e-07,
        0.0,
        -2.384185791015625e-07,
        0.0,
        -2.384185791015625e-07,
        0.0,
        0.0,
        -2.384185791015625e-07,
        -2.384185791015625e-07,
        -2.384185791015625e-07,
        0.0,
        -2.384185791015625e-07,
        -2.384185791015625e-07,
        -2.384185791015625e-07,
        -2.384185791015625e-07,
        0.0,
        -4.76837158203125e-07,
        -2.384185791015625e-07,
        0.0,
        0.0,
        -2.384185791015625e-07,
        -2.384185791015625e-07,
        0.0,
        -2.384185791015625e-07,
        -2.384185791015625e-07,
        -2.384185791015625e-07,
        0.0,
        0.0,
        0.0,
        -2.384185791015625e-07,
        -2.384185791015625e-07,
        0.0,
        -4.76837158203125e-07,
        0.0,
        -2.384185791015625e-07,
        0.0,
        -2.384185791015625e-07,
        -2.384185791015625e-07,
        0.0,
        0.0,
        -2.384185791015625e-07,
        -2.384185791015625e-07,
        0.0,
        0.0,
        0.0,
        -2.384185791015625e-07,
        0.0,
        0.0,
        0.0,
        -2.384185791015625e-07,
        -2.384185791015625e-07,
        -2.384185791015625e-07,
        -2.384185791015625e-07,
        0.0,
        -2.384185791015625e-07,
        -2.384185791015625e-07,
        0.0,
        -2.384185791015625e-07,
        -2.384185791015625e-07,
        -2.384185791015625e-07,
        -4.76837158203125e-07,
        0.0,
        -2.384185791015625e-07,
        0.0,
        0.0,
        0.0,
        0.0,
        0.0,
        -2.384185791015625e-07,
        -2.384185791015625e-07,
        -2.384185791015625e-07,
        -4.76837158203125e-07,
        -1.430511474609375e-06,
        0.0,
        -2.384185791015625e-07,
        -2.384185791015625e-07,
        -2.384185791015625e-07,
        -2.384185791015625e-07,
        -2.384185791015625e-07
      ]
    }
  },
  "generated_responses": {
    "calibration_summary": ".3f",
    "fractal_analysis": ".3f",
    "quantum_metrics": ".3f",
    "processing_efficiency": ".3f",
    "validation_status": ".3f",
    "dictionary_stats": "Dicionário calibrado com 99/99 palavras processadas com sucesso.",
    "parameter_recommendations": ".4f"
  },
  "version": "1.0",
  "description": "Autocalibração automática de dicionário robusto ΨQRH"
}