{
  "iterations": 100,
  "final_D": 1.0124483612221338,
  "alpha_D": 1.006224180611067,
  "fci": 0.0,
  "timestamp": "2025-10-03T22:48:44.849339"
}