{
  "timestamp": "20251015_095629",
  "input_text": "Hello",
  "physical_metrics": {
    "fractal_dimension": 2.0,
    "alpha_calibrated": 1.7619955778121947,
    "beta_calibrated": 0.9762472361326218,
    "I0_calibrated": 0.20634892582893372,
    "omega_calibrated": 0.1,
    "k_calibrated": 3.904988944530487,
    "FCI": 0.8,
    "consciousness_state": "MEDITATION"
  },
  "mathematical_validation": {
    "energy_conservation_ratio": 0.0012350702748874609,
    "filtering_conservation": 0.0012244314751254867,
    "rotation_conservation": 0.0012457090746494353,
    "unitarity_score": 0.001235070274887451,
    "numerical_stability": true,
    "validation_passed": false
  },
  "dcf_metadata": {}
}