{
  "timestamp": "20251011_185745",
  "input_text": "b",
  "task": "text-generation",
  "device": "cpu",
  "status": "success",
  "response": "<unk>",
  "input_length": 1,
  "output_length": 5,
  "processing_time": -4.76837158203125e-07,
  "selected_method": "Linguistic Mapping System",
  "auto_calibration_applied": true,
  "physical_metrics": {
    "fractal_dimension": 2.0,
    "alpha_calibrated": 1.8,
    "beta_calibrated": 1.0,
    "I0_calibrated": 0.1,
    "omega_calibrated": 0.1,
    "k_calibrated": 4.0,
    "FCI": 0.8,
    "consciousness_state": "MEDITATION"
  },
  "mathematical_validation": {
    "energy_conservation_ratio": 0.9999999999999969,
    "filtering_conservation": 0.9999998335478176,
    "rotation_conservation": 1.000000166452176,
    "unitarity_score": 0.9999999999999969,
    "numerical_stability": true,
    "validation_passed": true
  },
  "pipeline_steps": [
    "centralized_calibration",
    "text_to_fractal_signal",
    "fractal_dimension_calculation",
    "quaternion_mapping",
    "spectral_filtering",
    "so4_rotation",
    "consciousness_processing",
    "dcf_token_analysis"
  ],
  "dcf_analysis": {
    "fci_value": 0.8,
    "consciousness_state": "LINGUISTIC_MAPPING"
  },
  "spectral_analysis": {
    "fundamental_freq": 0.95,
    "harmonic_ratios": [],
    "spectral_centroid": 0.49049463868141174,
    "spectral_spread": 0.28881219029426575,
    "phase_coherence": 0.24486440420150757,
    "magnitude": [
      0.7535285949707031,
      0.7571479082107544,
      0.7532424926757812,
      0.7566678524017334,
      0.7593583464622498,
      0.7588911056518555,
      0.7545802593231201,
      0.7572622299194336,
      0.7514825463294983,
      0.7603918313980103,
      0.7531350255012512,
      0.749514639377594,
      0.7599690556526184,
      0.7593799233436584,
      0.7572202682495117,
      0.7600524425506592,
      0.7490546107292175,
      0.7600745558738708,
      0.7472299337387085,
      0.7572413086891174,
      0.7449884414672852,
      0.7598176002502441,
      0.7586184144020081,
      0.762363076210022,
      0.7483741044998169,
      0.7531015276908875,
      0.7603468298912048,
      0.7556920051574707,
      0.7518596053123474,
      0.7512608766555786,
      0.7615072131156921,
      0.7482761144638062,
      0.7616822719573975,
      0.7610991597175598,
      0.7605646848678589,
      0.7619596719741821,
      0.7527770400047302,
      0.7555821537971497,
      0.7553157806396484,
      0.7488853931427002,
      0.7569581866264343,
      0.7610101103782654,
      0.7633939981460571,
      0.7648358941078186,
      0.7502321600914001,
      0.7606709599494934,
      0.7594054937362671,
      0.7598214745521545,
      0.7621274590492249,
      0.7647512555122375
    ],
    "phase": [
      -2.3547592163085938,
      -2.3659040927886963,
      -2.353879451751709,
      -2.3504018783569336,
      -2.3596584796905518,
      -2.3617496490478516,
      -2.3508660793304443,
      -2.364506959915161,
      -2.343524932861328,
      -2.3600666522979736,
      -2.3621456623077393,
      -2.351073980331421,
      -2.353705406188965,
      -2.365731716156006,
      -2.368443489074707,
      -2.3553683757781982,
      -2.3452634811401367,
      -2.3596503734588623,
      -2.3355963230133057,
      -2.3867392539978027,
      -2.345149517059326,
      -2.3533215522766113,
      -2.359622001647949,
      -2.3620147705078125,
      -2.350442886352539,
      -2.3632917404174805,
      -2.3629984855651855,
      -2.3507895469665527,
      -2.3538079261779785,
      -2.350903034210205,
      -2.3686561584472656,
      -2.3469927310943604,
      -2.3544745445251465,
      -2.3786516189575195,
      -2.353607416152954,
      -2.359468698501587,
      -2.3445897102355957,
      -2.353775978088379,
      -2.3605620861053467,
      -2.3456552028656006,
      -2.3594770431518555,
      -2.3712000846862793,
      -2.3619885444641113,
      -2.3668746948242188,
      -2.35776686668396,
      -2.3730251789093018,
      -2.37719988822937,
      -2.35732364654541,
      -2.358978509902954,
      -2.376539945602417
    ],
    "f1_frequency": 1393.9273185363418,
    "f2_frequency": 2725.2688676775297,
    "f3_frequency": 4098.665772774892,
    "f1_f2_ratio": 0.5114824944682411,
    "formant_spacing": 1331.341549141188,
    "spectral_tilt": 0.385102815926075,
    "unitarity_error": 0.0,
    "spectrum_stability": 0.0,
    "evolution_steps": 3,
    "prime_resonant_filtering": true,
    "leech_lattice_embedding": true
  },
  "dcf_validation": {
    "is_valid": true
  },
  "dcf_metadata": {},
  "semantic_analysis": {}
}