{
  "timestamp": "20251012_000428",
  "input_text": "t",
  "task": "text-generation",
  "device": "cpu",
  "status": "success",
  "response": "transformer",
  "input_length": 1,
  "output_length": 11,
  "processing_time": -4.76837158203125e-07,
  "selected_method": "Linguistic Mapping System",
  "auto_calibration_applied": true,
  "physical_metrics": {
    "fractal_dimension": 2.0,
    "alpha_calibrated": 1.8,
    "beta_calibrated": 1.0,
    "I0_calibrated": 0.11417323350906372,
    "omega_calibrated": 0.1,
    "k_calibrated": 4.0,
    "FCI": 0.8,
    "consciousness_state": "MEDITATION"
  },
  "mathematical_validation": {
    "energy_conservation_ratio": 1.0000000716545014,
    "filtering_conservation": 0.999999928345477,
    "rotation_conservation": 1.0000002149635256,
    "unitarity_score": 0.9999999283454986,
    "numerical_stability": true,
    "validation_passed": true
  },
  "pipeline_steps": [
    "centralized_calibration",
    "text_to_fractal_signal",
    "fractal_dimension_calculation",
    "quaternion_mapping",
    "spectral_filtering",
    "so4_rotation",
    "consciousness_processing",
    "dcf_token_analysis"
  ],
  "dcf_analysis": {
    "fci_value": 0.8,
    "consciousness_state": "LINGUISTIC_MAPPING"
  },
  "spectral_analysis": {
    "fundamental_freq": 0.95,
    "harmonic_ratios": [],
    "spectral_centroid": 0.49022376537323,
    "spectral_spread": 0.2885678708553314,
    "phase_coherence": 0.12418237328529358,
    "magnitude": [
      0.815497875213623,
      0.8100789785385132,
      0.8079146146774292,
      0.801052451133728,
      0.8082027435302734,
      0.8133423328399658,
      0.8116443157196045,
      0.7878645658493042,
      0.8053553104400635,
      0.8036038875579834,
      0.8078417778015137,
      0.803456723690033,
      0.817173957824707,
      0.8118715286254883,
      0.8216326832771301,
      0.8209937810897827,
      0.8147258758544922,
      0.8106372356414795,
      0.8109183311462402,
      0.8143820762634277,
      0.8134641647338867,
      0.8068715333938599,
      0.8140301704406738,
      0.8136805891990662,
      0.808916449546814,
      0.8065657019615173,
      0.807998538017273,
      0.8134181499481201,
      0.7955424785614014,
      0.8068056106567383,
      0.8131505846977234,
      0.8065189719200134,
      0.8136352300643921,
      0.8027327060699463,
      0.8077614307403564,
      0.8115102648735046,
      0.8199455142021179,
      0.806331992149353,
      0.8204687833786011,
      0.8139340877532959,
      0.7967672944068909,
      0.8142550587654114,
      0.8213577270507812,
      0.7961212396621704,
      0.8051378726959229,
      0.8112103939056396,
      0.8087432980537415,
      0.8169170022010803,
      0.812274694442749,
      0.8132286071777344
    ],
    "phase": [
      -2.359088897705078,
      -2.3422446250915527,
      -2.3464088439941406,
      -2.336642265319824,
      -2.363224506378174,
      -2.3558247089385986,
      -2.346648931503296,
      -2.348322868347168,
      -2.343043804168701,
      -2.3493452072143555,
      -2.339388847351074,
      -2.380303382873535,
      -2.3633980751037598,
      -2.355541229248047,
      -2.383047103881836,
      -2.3773841857910156,
      -2.367281198501587,
      -2.345810890197754,
      -2.3478317260742188,
      -2.3545897006988525,
      -2.370452880859375,
      -2.3363289833068848,
      -2.355569362640381,
      -2.3552334308624268,
      -2.3434019088745117,
      -2.354641914367676,
      -2.3542816638946533,
      -2.348567008972168,
      -2.3542368412017822,
      -2.3424742221832275,
      -2.354685068130493,
      -2.352872371673584,
      -2.362596035003662,
      -2.3581466674804688,
      -2.3482370376586914,
      -2.3530359268188477,
      -2.37966251373291,
      -2.3494668006896973,
      -2.359602212905884,
      -2.368042469024658,
      -2.3707146644592285,
      -2.362180471420288,
      -2.364849328994751,
      -2.32795786857605,
      -2.3513503074645996,
      -2.354708671569824,
      -2.3430516719818115,
      -2.3545687198638916,
      -2.353631019592285,
      -2.368422031402588
    ],
    "f1_frequency": 1381.3018362495707,
    "f2_frequency": 2797.6010646674567,
    "f3_frequency": 4233.1515317321955,
    "f1_f2_ratio": 0.49374510672548744,
    "formant_spacing": 1416.299228417886,
    "spectral_tilt": 0.3927827253937721,
    "unitarity_error": 0.0,
    "spectrum_stability": 0.0,
    "evolution_steps": 3,
    "prime_resonant_filtering": true,
    "leech_lattice_embedding": true
  },
  "dcf_validation": {
    "is_valid": true
  },
  "dcf_metadata": {},
  "semantic_analysis": {}
}