{
  "timestamp": "20251012_005417",
  "input_text": "ab",
  "physical_metrics": {
    "fractal_dimension": 1.4620039239525795,
    "alpha_calibrated": 1.7843605279922485,
    "beta_calibrated": 0.9902253299951553,
    "I0_calibrated": 0.12401237338781357,
    "omega_calibrated": 0.1,
    "k_calibrated": 3.9609013199806213,
    "FCI": 0.7310019619762897,
    "consciousness_state": "MEDITATION"
  },
  "mathematical_validation": {
    "energy_conservation_ratio": 0.9999999491856182,
    "filtering_conservation": 0.9999998983712467,
    "rotation_conservation": 0.9999999999999896,
    "unitarity_score": 0.9999999491856182,
    "numerical_stability": true,
    "validation_passed": true
  },
  "dcf_metadata": {}
}