{
  "timestamp": "20251014_000320",
  "input_text": "test",
  "physical_metrics": {
    "fractal_dimension": 2.0,
    "alpha_calibrated": 1.7620623350143432,
    "beta_calibrated": 0.9762889593839645,
    "I0_calibrated": 0.20293693244457245,
    "omega_calibrated": 0.1,
    "k_calibrated": 3.905155837535858,
    "FCI": 0.8,
    "consciousness_state": "MEDITATION"
  },
  "mathematical_validation": {
    "energy_conservation_ratio": 0.009674917545736574,
    "filtering_conservation": 0.0182351804345829,
    "rotation_conservation": 0.0011146546568902471,
    "unitarity_score": 0.009674917545736572,
    "numerical_stability": true,
    "validation_passed": false
  },
  "dcf_metadata": {}
}