{
  "timestamp": "20251011_185632",
  "input_text": "a",
  "task": "text-generation",
  "device": "cpu",
  "status": "success",
  "response": "a",
  "input_length": 1,
  "output_length": 1,
  "processing_time": -2.384185791015625e-07,
  "selected_method": "Linguistic Mapping System",
  "auto_calibration_applied": true,
  "physical_metrics": {
    "fractal_dimension": 2.0,
    "alpha_calibrated": 1.8,
    "beta_calibrated": 1.0,
    "I0_calibrated": 0.1,
    "omega_calibrated": 0.1,
    "k_calibrated": 4.0,
    "FCI": 0.8,
    "consciousness_state": "MEDITATION"
  },
  "mathematical_validation": {
    "energy_conservation_ratio": 0.9999999999999962,
    "filtering_conservation": 1.0000001552902418,
    "rotation_conservation": 0.9999998447097506,
    "unitarity_score": 0.9999999999999962,
    "numerical_stability": true,
    "validation_passed": true
  },
  "pipeline_steps": [
    "centralized_calibration",
    "text_to_fractal_signal",
    "fractal_dimension_calculation",
    "quaternion_mapping",
    "spectral_filtering",
    "so4_rotation",
    "consciousness_processing",
    "dcf_token_analysis"
  ],
  "dcf_analysis": {
    "fci_value": 0.8,
    "consciousness_state": "LINGUISTIC_MAPPING"
  },
  "spectral_analysis": {
    "fundamental_freq": 0.95,
    "harmonic_ratios": [],
    "spectral_centroid": 0.49057579040527344,
    "spectral_spread": 0.28856566548347473,
    "phase_coherence": 0.12338408082723618,
    "magnitude": [
      0.749491274356842,
      0.7456440329551697,
      0.7434943914413452,
      0.7578753232955933,
      0.7545106410980225,
      0.7546864748001099,
      0.7553969621658325,
      0.7588493824005127,
      0.7488692998886108,
      0.7511560916900635,
      0.7578349709510803,
      0.7468037605285645,
      0.7522189617156982,
      0.7607718706130981,
      0.7582806348800659,
      0.7537145018577576,
      0.7535290122032166,
      0.7568817138671875,
      0.7579310536384583,
      0.7528586387634277,
      0.7551663517951965,
      0.7532286643981934,
      0.7585151791572571,
      0.7562599778175354,
      0.7556380033493042,
      0.7607767581939697,
      0.750080406665802,
      0.752083420753479,
      0.7482606768608093,
      0.7501375079154968,
      0.7590430974960327,
      0.7554911971092224,
      0.7528111338615417,
      0.7313125133514404,
      0.7506970167160034,
      0.7512789964675903,
      0.757968008518219,
      0.7549805045127869,
      0.7561755180358887,
      0.7569650411605835,
      0.7432785034179688,
      0.7594521045684814,
      0.7611053586006165,
      0.7512621283531189,
      0.7481086254119873,
      0.7591216564178467,
      0.7590922117233276,
      0.7573244571685791,
      0.7598300576210022,
      0.7455779314041138,
      0.7555205821990967,
      0.7550845146179199
    ],
    "phase": [
      -2.3746509552001953,
      -2.3473565578460693,
      -2.345242500305176,
      -2.366396427154541,
      -2.3586196899414062,
      -2.3629150390625,
      -2.360034942626953,
      -2.3700051307678223,
      -2.34871244430542,
      -2.3468642234802246,
      -2.3677549362182617,
      -2.363415479660034,
      -2.3456292152404785,
      -2.3664417266845703,
      -2.3595681190490723,
      -2.3497121334075928,
      -2.3516154289245605,
      -2.353597640991211,
      -2.3756649494171143,
      -2.3519949913024902,
      -2.355753183364868,
      -2.3666014671325684,
      -2.3584043979644775,
      -2.3493459224700928,
      -2.353628396987915,
      -2.356440544128418,
      -2.3595917224884033,
      -2.3593475818634033,
      -2.345755100250244,
      -2.3547110557556152,
      -2.3615288734436035,
      -2.3619823455810547,
      -2.3587098121643066,
      -2.325936794281006,
      -2.3592007160186768,
      -2.362941026687622,
      -2.362863779067993,
      -2.3488006591796875,
      -2.3753366470336914,
      -2.3569345474243164,
      -2.334209680557251,
      -2.3572094440460205,
      -2.3675620555877686,
      -2.360140323638916,
      -2.343189239501953,
      -2.3721091747283936,
      -2.369147777557373,
      -2.3597044944763184,
      -2.3598227500915527,
      -2.3589487075805664,
      -2.361302614212036,
      -2.3701796531677246
    ],
    "f1_frequency": 1618.5458428428076,
    "f2_frequency": 3169.461240640282,
    "f3_frequency": 4742.570700261474,
    "f1_f2_ratio": 0.5106690758950045,
    "formant_spacing": 1550.9153977974745,
    "spectral_tilt": 0.031007600482553244,
    "unitarity_error": 0.0,
    "spectrum_stability": 0.0,
    "evolution_steps": 3,
    "prime_resonant_filtering": true,
    "leech_lattice_embedding": true
  },
  "dcf_validation": {
    "is_valid": true
  },
  "dcf_metadata": {},
  "semantic_analysis": {}
}