{
  "timestamp": "20251012_072947",
  "input_text": "A",
  "task": "text-generation",
  "device": "cpu",
  "status": "success",
  "response": "A",
  "input_length": 1,
  "output_length": 1,
  "processing_time": -2.384185791015625e-07,
  "selected_method": "Linguistic Mapping System",
  "auto_calibration_applied": true,
  "physical_metrics": {
    "fractal_dimension": 2.0,
    "alpha_calibrated": 1.8,
    "beta_calibrated": 1.0,
    "I0_calibrated": 0.1,
    "omega_calibrated": 0.1,
    "k_calibrated": 4.0,
    "FCI": 0.8,
    "consciousness_state": "MEDITATION"
  },
  "mathematical_validation": {
    "energy_conservation_ratio": 0.9999999999999838,
    "filtering_conservation": 0.9999998927626601,
    "rotation_conservation": 1.0000001072373075,
    "unitarity_score": 0.9999999999999838,
    "numerical_stability": true,
    "validation_passed": true
  },
  "pipeline_steps": [
    "centralized_calibration",
    "text_to_fractal_signal",
    "fractal_dimension_calculation",
    "quaternion_mapping",
    "spectral_filtering",
    "so4_rotation",
    "consciousness_processing",
    "dcf_token_analysis"
  ],
  "dcf_analysis": {
    "fci_value": 0.8,
    "consciousness_state": "LINGUISTIC_MAPPING"
  },
  "spectral_analysis": {
    "fundamental_freq": 0.95,
    "harmonic_ratios": [],
    "spectral_centroid": 0.48979103565216064,
    "spectral_spread": 0.2884725034236908,
    "phase_coherence": 0.06924714148044586,
    "magnitude": [
      0.6419669985771179,
      0.6477726101875305,
      0.6452504396438599,
      0.6412879824638367,
      0.6431751847267151,
      0.6474631428718567,
      0.6443338394165039,
      0.640958309173584,
      0.6477640867233276,
      0.6477233171463013,
      0.6443995833396912,
      0.6414123773574829,
      0.6477725505828857,
      0.6453016996383667,
      0.6474668979644775,
      0.6464558839797974,
      0.641459047794342,
      0.6440862417221069,
      0.6422770619392395,
      0.645334005355835,
      0.6460762023925781,
      0.6435907483100891,
      0.64693683385849,
      0.6475602388381958,
      0.6468039751052856,
      0.6442389488220215,
      0.6440271735191345,
      0.6440369486808777,
      0.639502763748169,
      0.6444844603538513,
      0.641217052936554,
      0.6449138522148132,
      0.6396654844284058,
      0.6445068120956421,
      0.6399754285812378,
      0.6407837867736816,
      0.6399005651473999,
      0.6478232741355896,
      0.6432316303253174,
      0.646348774433136,
      0.6445730328559875,
      0.6455042362213135,
      0.642038881778717,
      0.6402708888053894,
      0.6442147493362427,
      0.6478429436683655,
      0.6450120210647583,
      0.6249971985816956,
      0.6413719654083252,
      0.635956346988678,
      0.6466763019561768,
      0.6382855772972107
    ],
    "phase": [
      -2.349191665649414,
      -2.357775926589966,
      -2.3552043437957764,
      -2.3528127670288086,
      -2.3538007736206055,
      -2.3559317588806152,
      -2.3630807399749756,
      -2.3526713848114014,
      -2.361304521560669,
      -2.3592638969421387,
      -2.3524069786071777,
      -2.35267972946167,
      -2.3590340614318848,
      -2.359224319458008,
      -2.360708475112915,
      -2.362294912338257,
      -2.35467791557312,
      -2.3521780967712402,
      -2.363856077194214,
      -2.3527820110321045,
      -2.3618340492248535,
      -2.355051279067993,
      -2.366194248199463,
      -2.3615779876708984,
      -2.3596134185791016,
      -2.35377836227417,
      -2.3522355556488037,
      -2.3616387844085693,
      -2.3443613052368164,
      -2.3513755798339844,
      -2.352163076400757,
      -2.3546009063720703,
      -2.3555805683135986,
      -2.352104663848877,
      -2.3498284816741943,
      -2.34531831741333,
      -2.344484806060791,
      -2.359609842300415,
      -2.352018356323242,
      -2.3591604232788086,
      -2.3564367294311523,
      -2.3547158241271973,
      -2.36037540435791,
      -2.3482816219329834,
      -2.360435962677002,
      -2.3586173057556152,
      -2.3554890155792236,
      -2.326732873916626,
      -2.3524718284606934,
      -2.3452861309051514,
      -2.356388807296753,
      -2.3432111740112305
    ],
    "f1_frequency": 1435.0431373228662,
    "f2_frequency": 2863.673380155495,
    "f3_frequency": 4278.4862352252385,
    "f1_f2_ratio": 0.501119697262732,
    "formant_spacing": 1428.630242832629,
    "spectral_tilt": -0.03937448840588331,
    "unitarity_error": 0.0,
    "spectrum_stability": 0.0,
    "evolution_steps": 3,
    "prime_resonant_filtering": true,
    "leech_lattice_embedding": true
  },
  "dcf_validation": {
    "is_valid": true
  },
  "dcf_metadata": {},
  "semantic_analysis": {}
}