{
  "timestamp": "20251011_232940",
  "input_text": "y",
  "task": "text-generation",
  "device": "cpu",
  "status": "success",
  "response": "it",
  "input_length": 1,
  "output_length": 2,
  "processing_time": -2.384185791015625e-07,
  "selected_method": "Linguistic Mapping System",
  "auto_calibration_applied": true,
  "physical_metrics": {
    "fractal_dimension": 2.0,
    "alpha_calibrated": 1.8,
    "beta_calibrated": 1.0,
    "I0_calibrated": 0.11909449100494385,
    "omega_calibrated": 0.1,
    "k_calibrated": 4.0,
    "FCI": 0.8,
    "consciousness_state": "MEDITATION"
  },
  "mathematical_validation": {
    "energy_conservation_ratio": 1.0000000345163491,
    "filtering_conservation": 0.9999998619345899,
    "rotation_conservation": 1.0000002070981082,
    "unitarity_score": 0.9999999654836509,
    "numerical_stability": true,
    "validation_passed": true
  },
  "pipeline_steps": [
    "centralized_calibration",
    "text_to_fractal_signal",
    "fractal_dimension_calculation",
    "quaternion_mapping",
    "spectral_filtering",
    "so4_rotation",
    "consciousness_processing",
    "dcf_token_analysis"
  ],
  "dcf_analysis": {
    "fci_value": 0.8,
    "consciousness_state": "LINGUISTIC_MAPPING"
  },
  "spectral_analysis": {
    "fundamental_freq": 0.95,
    "harmonic_ratios": [],
    "spectral_centroid": 0.49029359221458435,
    "spectral_spread": 0.28865012526512146,
    "phase_coherence": 0.081034354865551,
    "magnitude": [
      0.8182302713394165,
      0.829135537147522,
      0.8255106210708618,
      0.8219364881515503,
      0.8303133249282837,
      0.8249096870422363,
      0.8314899206161499,
      0.8311371207237244,
      0.8253147602081299,
      0.8286361694335938,
      0.8311254382133484,
      0.8229084014892578,
      0.8325290083885193,
      0.8135035037994385,
      0.8215082287788391,
      0.8282665014266968,
      0.8338044881820679,
      0.8264786005020142,
      0.8255178928375244,
      0.8102176785469055,
      0.8355367183685303,
      0.8225648403167725,
      0.8303366899490356,
      0.8186665177345276,
      0.8269152641296387,
      0.8258135318756104,
      0.8274102807044983,
      0.8357206583023071,
      0.8289109468460083,
      0.8260220289230347,
      0.8337259292602539,
      0.8294996023178101,
      0.8310247659683228,
      0.8254878520965576,
      0.8067991733551025,
      0.828758716583252,
      0.8370059132575989,
      0.8246217966079712,
      0.8181976079940796,
      0.8321118950843811,
      0.8331350684165955,
      0.8216880559921265,
      0.8381960391998291,
      0.834610641002655,
      0.8215059041976929,
      0.8237507939338684,
      0.8294240236282349,
      0.824803352355957,
      0.8325495719909668,
      0.8293755054473877
    ],
    "phase": [
      -2.339916706085205,
      -2.3601889610290527,
      -2.3478243350982666,
      -2.338174343109131,
      -2.373992681503296,
      -2.3536489009857178,
      -2.370124101638794,
      -2.3909316062927246,
      -2.3458099365234375,
      -2.347443103790283,
      -2.371164083480835,
      -2.3407437801361084,
      -2.3517098426818848,
      -2.330625057220459,
      -2.3496909141540527,
      -2.360466718673706,
      -2.3574483394622803,
      -2.3744919300079346,
      -2.3650193214416504,
      -2.326061248779297,
      -2.3745503425598145,
      -2.3400607109069824,
      -2.354459524154663,
      -2.3423116207122803,
      -2.3457584381103516,
      -2.3466973304748535,
      -2.3488364219665527,
      -2.362797737121582,
      -2.3527894020080566,
      -2.360570192337036,
      -2.369173526763916,
      -2.3600635528564453,
      -2.355412483215332,
      -2.343101978302002,
      -2.3312933444976807,
      -2.3881773948669434,
      -2.3755197525024414,
      -2.348723888397217,
      -2.343015193939209,
      -2.36077880859375,
      -2.351794719696045,
      -2.3499202728271484,
      -2.3607306480407715,
      -2.372946262359619,
      -2.3481173515319824,
      -2.3533990383148193,
      -2.35913348197937,
      -2.3457093238830566,
      -2.348845958709717,
      -2.3569655418395996
    ],
    "f1_frequency": 1558.9777504383374,
    "f2_frequency": 3058.2685191509436,
    "f3_frequency": 4700.839258131363,
    "f1_f2_ratio": 0.5097582964595767,
    "formant_spacing": 1499.2907687126062,
    "spectral_tilt": 0.3611337020993233,
    "unitarity_error": 0.0,
    "spectrum_stability": 0.0,
    "evolution_steps": 3,
    "prime_resonant_filtering": true,
    "leech_lattice_embedding": true
  },
  "dcf_validation": {
    "is_valid": true
  },
  "dcf_metadata": {},
  "semantic_analysis": {}
}