{
  "timestamp": "20251012_004251",
  "input_text": "a",
  "task": "text-generation",
  "device": "cpu",
  "status": "success",
  "response": "a",
  "input_length": 1,
  "output_length": 1,
  "processing_time": -2.384185791015625e-07,
  "selected_method": "Linguistic Mapping System",
  "auto_calibration_applied": true,
  "physical_metrics": {
    "fractal_dimension": 2.0,
    "alpha_calibrated": 1.8,
    "beta_calibrated": 1.0,
    "I0_calibrated": 0.1,
    "omega_calibrated": 0.1,
    "k_calibrated": 4.0,
    "FCI": 0.8,
    "consciousness_state": "MEDITATION"
  },
  "mathematical_validation": {
    "energy_conservation_ratio": 1.000000077645113,
    "filtering_conservation": 1.0000001552902418,
    "rotation_conservation": 0.9999999999999841,
    "unitarity_score": 0.999999922354887,
    "numerical_stability": true,
    "validation_passed": true
  },
  "pipeline_steps": [
    "centralized_calibration",
    "text_to_fractal_signal",
    "fractal_dimension_calculation",
    "quaternion_mapping",
    "spectral_filtering",
    "so4_rotation",
    "consciousness_processing",
    "dcf_token_analysis"
  ],
  "dcf_analysis": {
    "fci_value": 0.8,
    "consciousness_state": "LINGUISTIC_MAPPING"
  },
  "spectral_analysis": {
    "fundamental_freq": 0.95,
    "harmonic_ratios": [],
    "spectral_centroid": 0.49073272943496704,
    "spectral_spread": 0.28850775957107544,
    "phase_coherence": 0.041721098124980927,
    "magnitude": [
      0.7560720443725586,
      0.753687858581543,
      0.7468647956848145,
      0.7476356029510498,
      0.7462202906608582,
      0.742955207824707,
      0.7510266304016113,
      0.734359860420227,
      0.7579234838485718,
      0.7537100315093994,
      0.751652717590332,
      0.7598217725753784,
      0.739128589630127,
      0.7558973431587219,
      0.7571268677711487,
      0.7389763593673706,
      0.7515769004821777,
      0.7563525438308716,
      0.7531446218490601,
      0.7567810416221619,
      0.751867413520813,
      0.7482825517654419,
      0.7407103776931763,
      0.7533285617828369,
      0.7473692893981934,
      0.7598021030426025,
      0.7473657727241516,
      0.7531535625457764,
      0.7520890831947327,
      0.7505128383636475,
      0.7554357647895813,
      0.748664915561676,
      0.7528783082962036,
      0.7502589225769043,
      0.7579644918441772,
      0.7603386044502258,
      0.760768473148346,
      0.7536724805831909,
      0.7555403709411621,
      0.7477729320526123,
      0.7506908178329468,
      0.7514618635177612,
      0.7533400058746338,
      0.7434259057044983,
      0.7580403089523315,
      0.7515168190002441,
      0.7532668113708496,
      0.7544768452644348,
      0.7412576079368591,
      0.7424174547195435,
      0.7583584785461426,
      0.7560774683952332
    ],
    "phase": [
      -2.368370771408081,
      -2.3588743209838867,
      -2.3498435020446777,
      -2.353917121887207,
      -2.339813709259033,
      -2.336475133895874,
      -2.3576042652130127,
      -2.3518550395965576,
      -2.364245891571045,
      -2.36078143119812,
      -2.355032444000244,
      -2.371913433074951,
      -2.3404345512390137,
      -2.3725037574768066,
      -2.354658842086792,
      -2.3335790634155273,
      -2.3693230152130127,
      -2.35311222076416,
      -2.361466884613037,
      -2.3590188026428223,
      -2.34470272064209,
      -2.359760284423828,
      -2.3561105728149414,
      -2.3558554649353027,
      -2.34491229057312,
      -2.3652634620666504,
      -2.3582890033721924,
      -2.3863110542297363,
      -2.3557381629943848,
      -2.349595069885254,
      -2.35567569732666,
      -2.3427910804748535,
      -2.356139659881592,
      -2.346738338470459,
      -2.3575780391693115,
      -2.3688695430755615,
      -2.3785958290100098,
      -2.356825113296509,
      -2.3719353675842285,
      -2.345019817352295,
      -2.359330654144287,
      -2.3483922481536865,
      -2.3566410541534424,
      -2.352372646331787,
      -2.3543248176574707,
      -2.3466198444366455,
      -2.359855890274048,
      -2.3550186157226562,
      -2.340376138687134,
      -2.337609052658081,
      -2.3560702800750732,
      -2.3555033206939697
    ],
    "f1_frequency": 1390.9876334448581,
    "f2_frequency": 2795.3370353383625,
    "f3_frequency": 4113.952599020405,
    "f1_f2_ratio": 0.49760998972937287,
    "formant_spacing": 1404.3494018935044,
    "spectral_tilt": 0.018580491887405515,
    "unitarity_error": 0.0,
    "spectrum_stability": 0.0,
    "evolution_steps": 3,
    "prime_resonant_filtering": true,
    "leech_lattice_embedding": true
  },
  "dcf_validation": {
    "is_valid": true
  },
  "dcf_metadata": {},
  "semantic_analysis": {}
}