{
  "timestamp": "20251012_000442",
  "input_text": "y",
  "task": "text-generation",
  "device": "cpu",
  "status": "success",
  "response": "it",
  "input_length": 1,
  "output_length": 2,
  "processing_time": -2.384185791015625e-07,
  "selected_method": "Linguistic Mapping System",
  "auto_calibration_applied": true,
  "physical_metrics": {
    "fractal_dimension": 2.0,
    "alpha_calibrated": 1.8,
    "beta_calibrated": 1.0,
    "I0_calibrated": 0.11909449100494385,
    "omega_calibrated": 0.1,
    "k_calibrated": 4.0,
    "FCI": 0.8,
    "consciousness_state": "MEDITATION"
  },
  "mathematical_validation": {
    "energy_conservation_ratio": 1.0000000345163491,
    "filtering_conservation": 0.9999998619345899,
    "rotation_conservation": 1.0000002070981082,
    "unitarity_score": 0.9999999654836509,
    "numerical_stability": true,
    "validation_passed": true
  },
  "pipeline_steps": [
    "centralized_calibration",
    "text_to_fractal_signal",
    "fractal_dimension_calculation",
    "quaternion_mapping",
    "spectral_filtering",
    "so4_rotation",
    "consciousness_processing",
    "dcf_token_analysis"
  ],
  "dcf_analysis": {
    "fci_value": 0.8,
    "consciousness_state": "LINGUISTIC_MAPPING"
  },
  "spectral_analysis": {
    "fundamental_freq": 0.95,
    "harmonic_ratios": [],
    "spectral_centroid": 0.4902456998825073,
    "spectral_spread": 0.2886444330215454,
    "phase_coherence": 0.07734737545251846,
    "magnitude": [
      0.82720947265625,
      0.8265594244003296,
      0.8196122050285339,
      0.8274965882301331,
      0.8198792338371277,
      0.8283445239067078,
      0.833573579788208,
      0.8138712644577026,
      0.8359178304672241,
      0.8028362989425659,
      0.8289207220077515,
      0.8326664566993713,
      0.8340257406234741,
      0.822288990020752,
      0.827734112739563,
      0.8202241063117981,
      0.821871280670166,
      0.8373479247093201,
      0.8273983001708984,
      0.8321470618247986,
      0.8357971906661987,
      0.82374507188797,
      0.8198801875114441,
      0.8005386590957642,
      0.8228261470794678,
      0.8322106599807739,
      0.8329499363899231,
      0.8237240314483643,
      0.8339750170707703,
      0.820162296295166,
      0.8326747417449951,
      0.8218750953674316,
      0.8288887143135071,
      0.8258760571479797,
      0.8244326114654541,
      0.8303903341293335,
      0.8277198076248169,
      0.8263405561447144,
      0.825639009475708,
      0.8158420920372009,
      0.8297268748283386,
      0.825188159942627,
      0.8310599327087402,
      0.8282636404037476,
      0.819398045539856,
      0.8246387243270874,
      0.835708737373352,
      0.8254001140594482,
      0.8284158110618591,
      0.8303066492080688
    ],
    "phase": [
      -2.3464438915252686,
      -2.3553709983825684,
      -2.3379180431365967,
      -2.356987714767456,
      -2.3395578861236572,
      -2.3561761379241943,
      -2.3658294677734375,
      -2.354820966720581,
      -2.3624095916748047,
      -2.3371706008911133,
      -2.3527722358703613,
      -2.351673126220703,
      -2.356893301010132,
      -2.343574047088623,
      -2.355803966522217,
      -2.35048246383667,
      -2.3459954261779785,
      -2.374764919281006,
      -2.356410503387451,
      -2.3628711700439453,
      -2.36580491065979,
      -2.3440446853637695,
      -2.34245228767395,
      -2.3163223266601562,
      -2.3666884899139404,
      -2.3492350578308105,
      -2.369755268096924,
      -2.3610143661499023,
      -2.361612319946289,
      -2.337623119354248,
      -2.3586373329162598,
      -2.356076955795288,
      -2.352311134338379,
      -2.357454538345337,
      -2.3572745323181152,
      -2.3513364791870117,
      -2.3667807579040527,
      -2.345399856567383,
      -2.349029541015625,
      -2.3305540084838867,
      -2.358264446258545,
      -2.369741916656494,
      -2.362739086151123,
      -2.3581552505493164,
      -2.343031644821167,
      -2.3479273319244385,
      -2.3654792308807373,
      -2.3553266525268555,
      -2.3490219116210938,
      -2.3785037994384766
    ],
    "f1_frequency": 1348.1856014905197,
    "f2_frequency": 2710.7713954277237,
    "f3_frequency": 4178.216871189448,
    "f1_f2_ratio": 0.49734389397959317,
    "formant_spacing": 1362.585793937204,
    "spectral_tilt": 0.3669248893857002,
    "unitarity_error": 0.0,
    "spectrum_stability": 0.0,
    "evolution_steps": 3,
    "prime_resonant_filtering": true,
    "leech_lattice_embedding": true
  },
  "dcf_validation": {
    "is_valid": true
  },
  "dcf_metadata": {},
  "semantic_analysis": {}
}