{
  "timestamp": "20251012_000436",
  "input_text": "w",
  "task": "text-generation",
  "device": "cpu",
  "status": "success",
  "response": "with",
  "input_length": 1,
  "output_length": 4,
  "processing_time": -2.384185791015625e-07,
  "selected_method": "Linguistic Mapping System",
  "auto_calibration_applied": true,
  "physical_metrics": {
    "fractal_dimension": 2.0,
    "alpha_calibrated": 1.8,
    "beta_calibrated": 1.0,
    "I0_calibrated": 0.1171259731054306,
    "omega_calibrated": 0.1,
    "k_calibrated": 4.0,
    "FCI": 0.8,
    "consciousness_state": "MEDITATION"
  },
  "mathematical_validation": {
    "energy_conservation_ratio": 0.9999999999999857,
    "filtering_conservation": 0.9999999999999857,
    "rotation_conservation": 0.9999999999999857,
    "unitarity_score": 0.9999999999999857,
    "numerical_stability": true,
    "validation_passed": true
  },
  "pipeline_steps": [
    "centralized_calibration",
    "text_to_fractal_signal",
    "fractal_dimension_calculation",
    "quaternion_mapping",
    "spectral_filtering",
    "so4_rotation",
    "consciousness_processing",
    "dcf_token_analysis"
  ],
  "dcf_analysis": {
    "fci_value": 0.8,
    "consciousness_state": "LINGUISTIC_MAPPING"
  },
  "spectral_analysis": {
    "fundamental_freq": 0.95,
    "harmonic_ratios": [],
    "spectral_centroid": 0.4895534813404083,
    "spectral_spread": 0.2886773943901062,
    "phase_coherence": 0.058990154415369034,
    "magnitude": [
      0.8188417553901672,
      0.83078533411026,
      0.8243364095687866,
      0.8241615295410156,
      0.8225504159927368,
      0.8225241899490356,
      0.829429030418396,
      0.8194785714149475,
      0.8321931958198547,
      0.8149871230125427,
      0.8250572085380554,
      0.7985296845436096,
      0.8313491344451904,
      0.8216321468353271,
      0.8268459439277649,
      0.8038564920425415,
      0.8302876949310303,
      0.8162180781364441,
      0.8245166540145874,
      0.8016669750213623,
      0.8238319158554077,
      0.8272157907485962,
      0.8152179718017578,
      0.827095091342926,
      0.8161803483963013,
      0.828869640827179,
      0.810798168182373,
      0.814800500869751,
      0.8210209608078003,
      0.8234837651252747,
      0.8223422169685364,
      0.8119057416915894,
      0.810419499874115,
      0.8260850310325623,
      0.8237172365188599,
      0.8183549642562866,
      0.8303963541984558,
      0.8157671093940735,
      0.8292076587677002,
      0.8240041732788086,
      0.8216580152511597,
      0.8255859613418579,
      0.8265052437782288,
      0.8199889063835144,
      0.8083673715591431,
      0.8133902549743652,
      0.8199341297149658,
      0.8117491006851196,
      0.8172335624694824,
      0.8181620836257935
    ],
    "phase": [
      -2.3457231521606445,
      -2.3758130073547363,
      -2.362126111984253,
      -2.374046802520752,
      -2.3552584648132324,
      -2.3752779960632324,
      -2.373089551925659,
      -2.3534908294677734,
      -2.3671693801879883,
      -2.3623533248901367,
      -2.3630709648132324,
      -2.331902027130127,
      -2.359070301055908,
      -2.3660762310028076,
      -2.3683290481567383,
      -2.3387858867645264,
      -2.369675874710083,
      -2.3650195598602295,
      -2.3628337383270264,
      -2.336416721343994,
      -2.359517812728882,
      -2.3668606281280518,
      -2.3432915210723877,
      -2.3655405044555664,
      -2.3409643173217773,
      -2.3662171363830566,
      -2.3401169776916504,
      -2.3496627807617188,
      -2.3542497158050537,
      -2.347492218017578,
      -2.3525710105895996,
      -2.3470022678375244,
      -2.3387861251831055,
      -2.3582098484039307,
      -2.3544297218322754,
      -2.3665404319763184,
      -2.371786594390869,
      -2.3535022735595703,
      -2.3634824752807617,
      -2.366354465484619,
      -2.348452091217041,
      -2.348785161972046,
      -2.355656147003174,
      -2.3494763374328613,
      -2.3399062156677246,
      -2.365360736846924,
      -2.3681342601776123,
      -2.3505663871765137,
      -2.351327657699585,
      -2.344374179840088
    ],
    "f1_frequency": 1550.5705324977214,
    "f2_frequency": 2989.5601143110857,
    "f3_frequency": 4470.819540474274,
    "f1_f2_ratio": 0.5186617673533669,
    "formant_spacing": 1438.9895818133643,
    "spectral_tilt": 0.3203228488564491,
    "unitarity_error": 0.0,
    "spectrum_stability": 0.0,
    "evolution_steps": 3,
    "prime_resonant_filtering": true,
    "leech_lattice_embedding": true
  },
  "dcf_validation": {
    "is_valid": true
  },
  "dcf_metadata": {},
  "semantic_analysis": {}
}