{
  "timestamp": "20251014_001503",
  "input_text": "hello",
  "physical_metrics": {
    "fractal_dimension": 2.0,
    "alpha_calibrated": 1.7495015144348145,
    "beta_calibrated": 0.968438446521759,
    "I0_calibrated": 0.21482336521148682,
    "omega_calibrated": 0.1,
    "k_calibrated": 3.873753786087036,
    "FCI": 0.8,
    "consciousness_state": "MEDITATION"
  },
  "mathematical_validation": {
    "energy_conservation_ratio": 0.008033996597694368,
    "filtering_conservation": 0.01492187280282132,
    "rotation_conservation": 0.001146120392567416,
    "unitarity_score": 0.008033996597694326,
    "numerical_stability": true,
    "validation_passed": false
  },
  "dcf_metadata": {}
}