{
  "timestamp": "20251011_233055",
  "input_text": "p",
  "task": "text-generation",
  "device": "cpu",
  "status": "success",
  "response": "parameter",
  "input_length": 1,
  "output_length": 9,
  "processing_time": -2.384185791015625e-07,
  "selected_method": "Linguistic Mapping System",
  "auto_calibration_applied": true,
  "physical_metrics": {
    "fractal_dimension": 2.0,
    "alpha_calibrated": 1.8,
    "beta_calibrated": 1.0,
    "I0_calibrated": 0.11023622006177902,
    "omega_calibrated": 0.1,
    "k_calibrated": 4.0,
    "FCI": 0.8,
    "consciousness_state": "MEDITATION"
  },
  "mathematical_validation": {
    "energy_conservation_ratio": 1.0000000369611448,
    "filtering_conservation": 0.9999999999999849,
    "rotation_conservation": 1.0000000739223047,
    "unitarity_score": 0.9999999630388552,
    "numerical_stability": true,
    "validation_passed": true
  },
  "pipeline_steps": [
    "centralized_calibration",
    "text_to_fractal_signal",
    "fractal_dimension_calculation",
    "quaternion_mapping",
    "spectral_filtering",
    "so4_rotation",
    "consciousness_processing",
    "dcf_token_analysis"
  ],
  "dcf_analysis": {
    "fci_value": 0.8,
    "consciousness_state": "LINGUISTIC_MAPPING"
  },
  "spectral_analysis": {
    "fundamental_freq": 0.95,
    "harmonic_ratios": [],
    "spectral_centroid": 0.4903128743171692,
    "spectral_spread": 0.2887570261955261,
    "phase_coherence": 0.2287130355834961,
    "magnitude": [
      0.8075692653656006,
      0.7942035794258118,
      0.7989283800125122,
      0.7899515628814697,
      0.8007498979568481,
      0.7937683463096619,
      0.8016250133514404,
      0.7978474497795105,
      0.8070688247680664,
      0.7992357611656189,
      0.7965734601020813,
      0.8092430233955383,
      0.8084697723388672,
      0.784033477306366,
      0.8001821637153625,
      0.8033597469329834,
      0.8028957843780518,
      0.8084909915924072,
      0.803738534450531,
      0.7900034189224243,
      0.8053467869758606,
      0.7978191375732422,
      0.7988344430923462,
      0.7979466915130615,
      0.8000486493110657,
      0.7962093949317932,
      0.7864497900009155,
      0.8060402870178223,
      0.7933053970336914,
      0.8030368685722351,
      0.794370174407959,
      0.8027922511100769,
      0.8107713460922241,
      0.801996648311615,
      0.8010757565498352,
      0.8077692985534668,
      0.7945231199264526,
      0.7937027215957642,
      0.8075385689735413,
      0.7798824310302734,
      0.7999652624130249,
      0.7913850545883179,
      0.8025585412979126,
      0.8062094449996948,
      0.8019115328788757,
      0.8053480386734009,
      0.8060654401779175,
      0.8069779872894287,
      0.8031502366065979,
      0.8070077896118164
    ],
    "phase": [
      -2.363276958465576,
      -2.3547093868255615,
      -2.350498676300049,
      -2.3462836742401123,
      -2.356701374053955,
      -2.340390205383301,
      -2.36106014251709,
      -2.349586009979248,
      -2.3767659664154053,
      -2.357309103012085,
      -2.340965747833252,
      -2.368379831314087,
      -2.376957893371582,
      -2.338202953338623,
      -2.363013744354248,
      -2.3585526943206787,
      -2.356739044189453,
      -2.367889881134033,
      -2.3606815338134766,
      -2.360968828201294,
      -2.3721282482147217,
      -2.3779351711273193,
      -2.3541388511657715,
      -2.349177360534668,
      -2.3568296432495117,
      -2.3473966121673584,
      -2.3392744064331055,
      -2.3684661388397217,
      -2.351660966873169,
      -2.3554012775421143,
      -2.344564914703369,
      -2.353602647781372,
      -2.3708293437957764,
      -2.368687629699707,
      -2.3542392253875732,
      -2.380539894104004,
      -2.354435920715332,
      -2.3509981632232666,
      -2.36619234085083,
      -2.3225183486938477,
      -2.3715577125549316,
      -2.3425076007843018,
      -2.3650946617126465,
      -2.355574369430542,
      -2.360234260559082,
      -2.359698534011841,
      -2.3625926971435547,
      -2.365901231765747,
      -2.3517568111419678,
      -2.364046335220337
    ],
    "f1_frequency": 1308.5583485475133,
    "f2_frequency": 2644.5942118154544,
    "f3_frequency": 4045.6009959719545,
    "f1_f2_ratio": 0.4948049658057814,
    "formant_spacing": 1336.035863267941,
    "spectral_tilt": 0.36050908267498016,
    "unitarity_error": 0.0,
    "spectrum_stability": 0.0,
    "evolution_steps": 3,
    "prime_resonant_filtering": true,
    "leech_lattice_embedding": true
  },
  "dcf_validation": {
    "is_valid": true
  },
  "dcf_metadata": {},
  "semantic_analysis": {}
}