{
  "timestamp": "20251012_004536",
  "input_text": "A",
  "task": "text-generation",
  "device": "cpu",
  "status": "success",
  "response": "The",
  "input_length": 1,
  "output_length": 3,
  "processing_time": -2.384185791015625e-07,
  "selected_method": "Linguistic Mapping System",
  "auto_calibration_applied": true,
  "physical_metrics": {
    "fractal_dimension": 2.0,
    "alpha_calibrated": 1.8,
    "beta_calibrated": 1.0,
    "I0_calibrated": 0.1,
    "omega_calibrated": 0.1,
    "k_calibrated": 4.0,
    "FCI": 0.8,
    "consciousness_state": "MEDITATION"
  },
  "mathematical_validation": {
    "energy_conservation_ratio": 1.0000000536186486,
    "filtering_conservation": 0.9999998927626601,
    "rotation_conservation": 1.000000214474637,
    "unitarity_score": 0.9999999463813514,
    "numerical_stability": true,
    "validation_passed": true
  },
  "pipeline_steps": [
    "centralized_calibration",
    "text_to_fractal_signal",
    "fractal_dimension_calculation",
    "quaternion_mapping",
    "spectral_filtering",
    "so4_rotation",
    "consciousness_processing",
    "dcf_token_analysis"
  ],
  "dcf_analysis": {
    "fci_value": 0.8,
    "consciousness_state": "LINGUISTIC_MAPPING"
  },
  "spectral_analysis": {
    "fundamental_freq": 0.95,
    "harmonic_ratios": [],
    "spectral_centroid": 0.49066784977912903,
    "spectral_spread": 0.28872814774513245,
    "phase_coherence": 0.137006476521492,
    "magnitude": [
      0.6456420421600342,
      0.6424267888069153,
      0.6392059326171875,
      0.640627920627594,
      0.6468630433082581,
      0.6428112387657166,
      0.64308100938797,
      0.6477426886558533,
      0.637739360332489,
      0.6426907181739807,
      0.6426824331283569,
      0.6438506245613098,
      0.6411743760108948,
      0.6447238922119141,
      0.637610137462616,
      0.643825888633728,
      0.6359178423881531,
      0.638628363609314,
      0.644595742225647,
      0.6445683240890503,
      0.6426054835319519,
      0.643488347530365,
      0.6451294422149658,
      0.639794111251831,
      0.6430174708366394,
      0.6368374824523926,
      0.6455843448638916,
      0.6388421654701233,
      0.6413862705230713,
      0.6451930999755859,
      0.6471538543701172,
      0.6472371220588684,
      0.6400747299194336,
      0.6419067978858948,
      0.6363592147827148,
      0.647212564945221,
      0.6468833088874817,
      0.6449013948440552,
      0.6364849805831909,
      0.6466248631477356,
      0.6459368467330933,
      0.6449374556541443,
      0.6459476351737976,
      0.645514190196991,
      0.6434271335601807,
      0.6391721367835999,
      0.6441216468811035,
      0.640338659286499,
      0.6454811692237854,
      0.6441223621368408,
      0.6449561715126038,
      0.6476296782493591
    ],
    "phase": [
      -2.3558125495910645,
      -2.3527753353118896,
      -2.3502092361450195,
      -2.3569512367248535,
      -2.3649353981018066,
      -2.3511359691619873,
      -2.3493080139160156,
      -2.3694567680358887,
      -2.3419349193573,
      -2.3542256355285645,
      -2.3518176078796387,
      -2.3537960052490234,
      -2.3541452884674072,
      -2.3578312397003174,
      -2.3498191833496094,
      -2.3531508445739746,
      -2.339101791381836,
      -2.346555233001709,
      -2.359872817993164,
      -2.361928939819336,
      -2.3575563430786133,
      -2.352167844772339,
      -2.3581600189208984,
      -2.3459105491638184,
      -2.3667335510253906,
      -2.3468141555786133,
      -2.35601806640625,
      -2.3456811904907227,
      -2.347139835357666,
      -2.3763108253479004,
      -2.3579089641571045,
      -2.3600573539733887,
      -2.3498194217681885,
      -2.3481035232543945,
      -2.348663568496704,
      -2.357569456100464,
      -2.3552069664001465,
      -2.360556125640869,
      -2.3444435596466064,
      -2.365400552749634,
      -2.3609187602996826,
      -2.369715929031372,
      -2.3565142154693604,
      -2.3570897579193115,
      -2.36031436920166,
      -2.3474807739257812,
      -2.3583314418792725,
      -2.353135585784912,
      -2.366035223007202,
      -2.3552494049072266,
      -2.362993001937866,
      -2.3566832542419434
    ],
    "f1_frequency": 1395.012975979401,
    "f2_frequency": 2796.8415136223643,
    "f3_frequency": 4214.186308072205,
    "f1_f2_ratio": 0.49878156098041915,
    "formant_spacing": 1401.8285376429633,
    "spectral_tilt": 0.02247341675683856,
    "unitarity_error": 0.0,
    "spectrum_stability": 0.0,
    "evolution_steps": 3,
    "prime_resonant_filtering": true,
    "leech_lattice_embedding": true
  },
  "dcf_validation": {
    "is_valid": true
  },
  "dcf_metadata": {},
  "semantic_analysis": {}
}