{
  "timestamp": "20251015_074722",
  "input_text": "Hello World",
  "physical_metrics": {
    "fractal_dimension": 2.0,
    "alpha_calibrated": 1.7219091653823853,
    "beta_calibrated": 0.9511932283639908,
    "I0_calibrated": 0.29614320397377014,
    "omega_calibrated": 0.1,
    "k_calibrated": 3.804772913455963,
    "FCI": 0.8,
    "consciousness_state": "MEDITATION"
  },
  "mathematical_validation": {
    "energy_conservation_ratio": 0.0012945303375602847,
    "filtering_conservation": 0.0012828538717247725,
    "rotation_conservation": 0.0013062068033957968,
    "unitarity_score": 0.001294530337560329,
    "numerical_stability": true,
    "validation_passed": false
  },
  "dcf_metadata": {}
}