{
  "timestamp": "20251011_232818",
  "input_text": "d",
  "task": "text-generation",
  "device": "cpu",
  "status": "success",
  "response": "domain",
  "input_length": 1,
  "output_length": 6,
  "processing_time": -2.384185791015625e-07,
  "selected_method": "Linguistic Mapping System",
  "auto_calibration_applied": true,
  "physical_metrics": {
    "fractal_dimension": 2.0,
    "alpha_calibrated": 1.8,
    "beta_calibrated": 1.0,
    "I0_calibrated": 0.1,
    "omega_calibrated": 0.1,
    "k_calibrated": 4.0,
    "FCI": 0.8,
    "consciousness_state": "MEDITATION"
  },
  "mathematical_validation": {
    "energy_conservation_ratio": 1.0000001635095561,
    "filtering_conservation": 1.0000004087738734,
    "rotation_conservation": 0.9999999182452387,
    "unitarity_score": 0.9999998364904439,
    "numerical_stability": true,
    "validation_passed": true
  },
  "pipeline_steps": [
    "centralized_calibration",
    "text_to_fractal_signal",
    "fractal_dimension_calculation",
    "quaternion_mapping",
    "spectral_filtering",
    "so4_rotation",
    "consciousness_processing",
    "dcf_token_analysis"
  ],
  "dcf_analysis": {
    "fci_value": 0.8,
    "consciousness_state": "LINGUISTIC_MAPPING"
  },
  "spectral_analysis": {
    "fundamental_freq": 0.95,
    "harmonic_ratios": [],
    "spectral_centroid": 0.48963454365730286,
    "spectral_spread": 0.2889682650566101,
    "phase_coherence": 0.271454781293869,
    "magnitude": [
      0.7652764916419983,
      0.7665744423866272,
      0.7568687200546265,
      0.7599595785140991,
      0.7717704772949219,
      0.765709638595581,
      0.7708908319473267,
      0.7668071985244751,
      0.7618628740310669,
      0.7653820514678955,
      0.7633764743804932,
      0.7660425901412964,
      0.7621129155158997,
      0.7553281784057617,
      0.7563941478729248,
      0.7648365497589111,
      0.7686136960983276,
      0.7638825178146362,
      0.7684629559516907,
      0.7614880800247192,
      0.7506774663925171,
      0.7542878985404968,
      0.7545450329780579,
      0.7610177993774414,
      0.764214813709259,
      0.7649821043014526,
      0.7629186511039734,
      0.7654772400856018,
      0.7525520324707031,
      0.7549883127212524,
      0.744788408279419,
      0.7599978446960449,
      0.7549108862876892,
      0.7642260789871216,
      0.7593793869018555,
      0.7510680556297302,
      0.7595135569572449,
      0.766070544719696,
      0.7587177753448486,
      0.7598554491996765,
      0.7672743201255798,
      0.7624258995056152,
      0.7644768953323364,
      0.7555873990058899,
      0.7549718618392944,
      0.7695450782775879,
      0.7632865905761719,
      0.7641575932502747,
      0.7666399478912354,
      0.7642576694488525
    ],
    "phase": [
      -2.371727466583252,
      -2.3754053115844727,
      -2.359015464782715,
      -2.34777569770813,
      -2.369206428527832,
      -2.3680431842803955,
      -2.3737874031066895,
      -2.3583643436431885,
      -2.353755235671997,
      -2.3643100261688232,
      -2.3547325134277344,
      -2.357093334197998,
      -2.3473010063171387,
      -2.3418681621551514,
      -2.347291946411133,
      -2.365915298461914,
      -2.360729217529297,
      -2.3556137084960938,
      -2.3664915561676025,
      -2.3541107177734375,
      -2.338918447494507,
      -2.3505048751831055,
      -2.3473072052001953,
      -2.348555564880371,
      -2.3639605045318604,
      -2.3478846549987793,
      -2.3714101314544678,
      -2.3624966144561768,
      -2.3396036624908447,
      -2.339250087738037,
      -2.327176809310913,
      -2.349606990814209,
      -2.344292163848877,
      -2.347278118133545,
      -2.3667407035827637,
      -2.333466053009033,
      -2.3494081497192383,
      -2.3657310009002686,
      -2.356783866882324,
      -2.3507633209228516,
      -2.3517351150512695,
      -2.3576672077178955,
      -2.3536901473999023,
      -2.3407297134399414,
      -2.3620097637176514,
      -2.3706154823303223,
      -2.352774143218994,
      -2.3572311401367188,
      -2.369499444961548,
      -2.354193687438965
    ],
    "f1_frequency": 1407.9391943005862,
    "f2_frequency": 2796.966415218181,
    "f3_frequency": 4142.148621984414,
    "f1_f2_ratio": 0.5033808009420657,
    "formant_spacing": 1389.0272209175946,
    "spectral_tilt": 0.32288920134305954,
    "unitarity_error": 0.0,
    "spectrum_stability": 0.0,
    "evolution_steps": 3,
    "prime_resonant_filtering": true,
    "leech_lattice_embedding": true
  },
  "dcf_validation": {
    "is_valid": true
  },
  "dcf_metadata": {},
  "semantic_analysis": {}
}