{
  "timestamp": "20251012_000207",
  "input_text": "p",
  "task": "text-generation",
  "device": "cpu",
  "status": "success",
  "response": "parameter",
  "input_length": 1,
  "output_length": 9,
  "processing_time": -4.76837158203125e-07,
  "selected_method": "Linguistic Mapping System",
  "auto_calibration_applied": true,
  "physical_metrics": {
    "fractal_dimension": 2.0,
    "alpha_calibrated": 1.8,
    "beta_calibrated": 1.0,
    "I0_calibrated": 0.11023622006177902,
    "omega_calibrated": 0.1,
    "k_calibrated": 4.0,
    "FCI": 0.8,
    "consciousness_state": "MEDITATION"
  },
  "mathematical_validation": {
    "energy_conservation_ratio": 1.0000000369611448,
    "filtering_conservation": 0.9999999999999849,
    "rotation_conservation": 1.0000000739223047,
    "unitarity_score": 0.9999999630388552,
    "numerical_stability": true,
    "validation_passed": true
  },
  "pipeline_steps": [
    "centralized_calibration",
    "text_to_fractal_signal",
    "fractal_dimension_calculation",
    "quaternion_mapping",
    "spectral_filtering",
    "so4_rotation",
    "consciousness_processing",
    "dcf_token_analysis"
  ],
  "dcf_analysis": {
    "fci_value": 0.8,
    "consciousness_state": "LINGUISTIC_MAPPING"
  },
  "spectral_analysis": {
    "fundamental_freq": 0.95,
    "harmonic_ratios": [],
    "spectral_centroid": 0.4898875057697296,
    "spectral_spread": 0.28857719898223877,
    "phase_coherence": 0.13308055698871613,
    "magnitude": [
      0.7988982200622559,
      0.7948869466781616,
      0.7937999963760376,
      0.8077783584594727,
      0.8055636882781982,
      0.8068153858184814,
      0.8058311939239502,
      0.8067120313644409,
      0.7955334186553955,
      0.806503415107727,
      0.8022435903549194,
      0.8029377460479736,
      0.8045243620872498,
      0.8079342246055603,
      0.8010310530662537,
      0.8044731616973877,
      0.8069620132446289,
      0.785847008228302,
      0.8049060106277466,
      0.7902056574821472,
      0.805487871170044,
      0.8117354512214661,
      0.8005321025848389,
      0.7944250106811523,
      0.8101299405097961,
      0.7996034622192383,
      0.8029422163963318,
      0.8023630380630493,
      0.8081920742988586,
      0.7915947437286377,
      0.8098138570785522,
      0.7826734781265259,
      0.7893295288085938,
      0.807160496711731,
      0.8116085529327393,
      0.802520751953125,
      0.8053202629089355,
      0.8029714822769165,
      0.7961192727088928,
      0.8036468029022217,
      0.797512412071228,
      0.801101803779602,
      0.8101394176483154,
      0.7982271313667297,
      0.8055214881896973,
      0.8064257502555847,
      0.8007714152336121,
      0.8038789629936218,
      0.8002278804779053,
      0.7914716005325317
    ],
    "phase": [
      -2.3512959480285645,
      -2.3428096771240234,
      -2.3428444862365723,
      -2.375631809234619,
      -2.380922317504883,
      -2.377622365951538,
      -2.359236001968384,
      -2.373537540435791,
      -2.3440067768096924,
      -2.3575856685638428,
      -2.362612247467041,
      -2.353620767593384,
      -2.3688042163848877,
      -2.3591737747192383,
      -2.3563899993896484,
      -2.372058391571045,
      -2.371438503265381,
      -2.3313469886779785,
      -2.367335796356201,
      -2.348682165145874,
      -2.358649253845215,
      -2.366483211517334,
      -2.355687141418457,
      -2.3418972492218018,
      -2.371100425720215,
      -2.3520941734313965,
      -2.38390851020813,
      -2.359177827835083,
      -2.359668731689453,
      -2.3331589698791504,
      -2.3697967529296875,
      -2.324695587158203,
      -2.35145902633667,
      -2.365236759185791,
      -2.3830597400665283,
      -2.3547091484069824,
      -2.3585567474365234,
      -2.3542139530181885,
      -2.347353219985962,
      -2.3784565925598145,
      -2.366696834564209,
      -2.355660915374756,
      -2.365422010421753,
      -2.3505256175994873,
      -2.3536319732666016,
      -2.3727943897247314,
      -2.3458731174468994,
      -2.365943431854248,
      -2.3536224365234375,
      -2.348658800125122
    ],
    "f1_frequency": 1428.786690180334,
    "f2_frequency": 2894.9799819054397,
    "f3_frequency": 4462.1569537587675,
    "f1_f2_ratio": 0.49353940238299143,
    "formant_spacing": 1466.1932917251056,
    "spectral_tilt": 0.3377869725227356,
    "unitarity_error": 0.0,
    "spectrum_stability": 0.0,
    "evolution_steps": 3,
    "prime_resonant_filtering": true,
    "leech_lattice_embedding": true
  },
  "dcf_validation": {
    "is_valid": true
  },
  "dcf_metadata": {},
  "semantic_analysis": {}
}