{
  "timestamp": "20251011_232957",
  "input_text": "p",
  "task": "text-generation",
  "device": "cpu",
  "status": "success",
  "response": "parameter",
  "input_length": 1,
  "output_length": 9,
  "processing_time": -2.384185791015625e-07,
  "selected_method": "Linguistic Mapping System",
  "auto_calibration_applied": true,
  "physical_metrics": {
    "fractal_dimension": 2.0,
    "alpha_calibrated": 1.8,
    "beta_calibrated": 1.0,
    "I0_calibrated": 0.11023622006177902,
    "omega_calibrated": 0.1,
    "k_calibrated": 4.0,
    "FCI": 0.8,
    "consciousness_state": "MEDITATION"
  },
  "mathematical_validation": {
    "energy_conservation_ratio": 1.0000000369611448,
    "filtering_conservation": 0.9999999999999849,
    "rotation_conservation": 1.0000000739223047,
    "unitarity_score": 0.9999999630388552,
    "numerical_stability": true,
    "validation_passed": true
  },
  "pipeline_steps": [
    "centralized_calibration",
    "text_to_fractal_signal",
    "fractal_dimension_calculation",
    "quaternion_mapping",
    "spectral_filtering",
    "so4_rotation",
    "consciousness_processing",
    "dcf_token_analysis"
  ],
  "dcf_analysis": {
    "fci_value": 0.8,
    "consciousness_state": "LINGUISTIC_MAPPING"
  },
  "spectral_analysis": {
    "fundamental_freq": 0.95,
    "harmonic_ratios": [],
    "spectral_centroid": 0.49004659056663513,
    "spectral_spread": 0.28854474425315857,
    "phase_coherence": 0.1325961798429489,
    "magnitude": [
      0.8044115304946899,
      0.7982888221740723,
      0.7968672513961792,
      0.8043886423110962,
      0.8059946298599243,
      0.7955432534217834,
      0.796923041343689,
      0.800360918045044,
      0.802444338798523,
      0.809549868106842,
      0.7952103614807129,
      0.8071237206459045,
      0.7967020273208618,
      0.8074525594711304,
      0.7927249670028687,
      0.8071943521499634,
      0.8064029216766357,
      0.8047977685928345,
      0.7989273071289062,
      0.7868074178695679,
      0.7986752986907959,
      0.8046606779098511,
      0.7994118332862854,
      0.8097413778305054,
      0.8075330257415771,
      0.7910746932029724,
      0.8034588098526001,
      0.8020957708358765,
      0.8094932436943054,
      0.8001466989517212,
      0.8092796802520752,
      0.800918459892273,
      0.8035978674888611,
      0.7991795539855957,
      0.784974217414856,
      0.8031087517738342,
      0.8014196753501892,
      0.8116772770881653,
      0.8025039434432983,
      0.8069236278533936,
      0.7997062802314758,
      0.8021199107170105,
      0.799129843711853,
      0.8105465173721313,
      0.8087095618247986,
      0.7907230257987976,
      0.8045276403427124,
      0.794183611869812,
      0.7968853116035461,
      0.8030120730400085
    ],
    "phase": [
      -2.369699478149414,
      -2.347317695617676,
      -2.3424720764160156,
      -2.3596959114074707,
      -2.3627233505249023,
      -2.3618695735931396,
      -2.3478634357452393,
      -2.3466882705688477,
      -2.352818489074707,
      -2.361438751220703,
      -2.359330415725708,
      -2.3602397441864014,
      -2.340491771697998,
      -2.3681864738464355,
      -2.3563342094421387,
      -2.3679075241088867,
      -2.3648533821105957,
      -2.354245662689209,
      -2.352828025817871,
      -2.337369441986084,
      -2.3477439880371094,
      -2.374988555908203,
      -2.360319137573242,
      -2.3673200607299805,
      -2.369032382965088,
      -2.3401219844818115,
      -2.35241436958313,
      -2.3484349250793457,
      -2.3638455867767334,
      -2.363448143005371,
      -2.357912302017212,
      -2.358823299407959,
      -2.349977970123291,
      -2.350015640258789,
      -2.3268883228302,
      -2.382963180541992,
      -2.3571395874023438,
      -2.373778820037842,
      -2.3545660972595215,
      -2.351712703704834,
      -2.364121675491333,
      -2.3453643321990967,
      -2.352219820022583,
      -2.361453056335449,
      -2.3682360649108887,
      -2.338362216949463,
      -2.360729694366455,
      -2.3368887901306152,
      -2.3533945083618164,
      -2.3611931800842285
    ],
    "f1_frequency": 1386.587016880113,
    "f2_frequency": 2772.783789599816,
    "f3_frequency": 4118.733062990364,
    "f1_f2_ratio": 0.5000703704634083,
    "formant_spacing": 1386.196772719703,
    "spectral_tilt": 0.3578123077750206,
    "unitarity_error": 0.0,
    "spectrum_stability": 0.0,
    "evolution_steps": 3,
    "prime_resonant_filtering": true,
    "leech_lattice_embedding": true
  },
  "dcf_validation": {
    "is_valid": true
  },
  "dcf_metadata": {},
  "semantic_analysis": {}
}