{
  "timestamp": "20251012_000431",
  "input_text": "u",
  "task": "text-generation",
  "device": "cpu",
  "status": "success",
  "response": "with",
  "input_length": 1,
  "output_length": 4,
  "processing_time": -2.384185791015625e-07,
  "selected_method": "Linguistic Mapping System",
  "auto_calibration_applied": true,
  "physical_metrics": {
    "fractal_dimension": 2.0,
    "alpha_calibrated": 1.8,
    "beta_calibrated": 1.0,
    "I0_calibrated": 0.11515747755765915,
    "omega_calibrated": 0.1,
    "k_calibrated": 4.0,
    "FCI": 0.8,
    "consciousness_state": "MEDITATION"
  },
  "mathematical_validation": {
    "energy_conservation_ratio": 0.999999999999988,
    "filtering_conservation": 0.9999999288882068,
    "rotation_conservation": 1.0000000711117691,
    "unitarity_score": 0.999999999999988,
    "numerical_stability": true,
    "validation_passed": true
  },
  "pipeline_steps": [
    "centralized_calibration",
    "text_to_fractal_signal",
    "fractal_dimension_calculation",
    "quaternion_mapping",
    "spectral_filtering",
    "so4_rotation",
    "consciousness_processing",
    "dcf_token_analysis"
  ],
  "dcf_analysis": {
    "fci_value": 0.8,
    "consciousness_state": "LINGUISTIC_MAPPING"
  },
  "spectral_analysis": {
    "fundamental_freq": 0.95,
    "harmonic_ratios": [],
    "spectral_centroid": 0.4904876947402954,
    "spectral_spread": 0.2889581620693207,
    "phase_coherence": 0.07137326896190643,
    "magnitude": [
      0.8264464139938354,
      0.8090343475341797,
      0.8159219026565552,
      0.8219829201698303,
      0.8094553351402283,
      0.8139071464538574,
      0.8046374917030334,
      0.8186002373695374,
      0.8237159252166748,
      0.8144950270652771,
      0.8152720332145691,
      0.8115453720092773,
      0.8264693021774292,
      0.8088711500167847,
      0.8255384564399719,
      0.8141506910324097,
      0.7952326536178589,
      0.8099745512008667,
      0.8088792562484741,
      0.8180286884307861,
      0.8162291646003723,
      0.8206461071968079,
      0.8172873854637146,
      0.8157011270523071,
      0.8001766800880432,
      0.8128451108932495,
      0.8203948736190796,
      0.8070642948150635,
      0.8032225370407104,
      0.8160221576690674,
      0.8045536279678345,
      0.8182455897331238,
      0.8209782242774963,
      0.8234012722969055,
      0.8108470439910889,
      0.811682403087616,
      0.8155653476715088,
      0.8209881782531738,
      0.8148995041847229,
      0.825555682182312,
      0.8121730089187622,
      0.8140448927879333,
      0.8265498876571655,
      0.8098532557487488,
      0.8222438097000122,
      0.8247600793838501,
      0.8229705691337585,
      0.8238848447799683,
      0.8223692178726196,
      0.8143536448478699
    ],
    "phase": [
      -2.3988683223724365,
      -2.3421263694763184,
      -2.3570961952209473,
      -2.3636386394500732,
      -2.344282627105713,
      -2.34567928314209,
      -2.3309364318847656,
      -2.3728957176208496,
      -2.3705036640167236,
      -2.3702845573425293,
      -2.369823455810547,
      -2.3506662845611572,
      -2.385615348815918,
      -2.3564975261688232,
      -2.358783006668091,
      -2.366628885269165,
      -2.3292508125305176,
      -2.3483426570892334,
      -2.3405957221984863,
      -2.363069772720337,
      -2.3575985431671143,
      -2.3584394454956055,
      -2.353382110595703,
      -2.350710153579712,
      -2.3360724449157715,
      -2.3502345085144043,
      -2.350020408630371,
      -2.347262382507324,
      -2.33402681350708,
      -2.3560478687286377,
      -2.3408548831939697,
      -2.3547496795654297,
      -2.380983352661133,
      -2.3713173866271973,
      -2.347451686859131,
      -2.358870267868042,
      -2.361313819885254,
      -2.3562169075012207,
      -2.3503549098968506,
      -2.3620433807373047,
      -2.351851463317871,
      -2.349729537963867,
      -2.3659605979919434,
      -2.3625831604003906,
      -2.354970932006836,
      -2.3751072883605957,
      -2.3608343601226807,
      -2.376271963119507,
      -2.3610968589782715,
      -2.3477115631103516
    ],
    "f1_frequency": 1461.8072617968894,
    "f2_frequency": 2892.5243887490096,
    "f3_frequency": 4358.825921085259,
    "f1_f2_ratio": 0.5053742217292445,
    "formant_spacing": 1430.7171269521202,
    "spectral_tilt": 0.3918759897351265,
    "unitarity_error": 0.0,
    "spectrum_stability": 0.0,
    "evolution_steps": 3,
    "prime_resonant_filtering": true,
    "leech_lattice_embedding": true
  },
  "dcf_validation": {
    "is_valid": true
  },
  "dcf_metadata": {},
  "semantic_analysis": {}
}