{
  "timestamp": "20251012_004258",
  "input_text": "z",
  "task": "text-generation",
  "device": "cpu",
  "status": "success",
  "response": "behavior",
  "input_length": 1,
  "output_length": 8,
  "processing_time": -2.384185791015625e-07,
  "selected_method": "Linguistic Mapping System",
  "auto_calibration_applied": true,
  "physical_metrics": {
    "fractal_dimension": 2.0,
    "alpha_calibrated": 1.8,
    "beta_calibrated": 1.0,
    "I0_calibrated": 0.12007874995470047,
    "omega_calibrated": 0.1,
    "k_calibrated": 4.0,
    "FCI": 0.8,
    "consciousness_state": "MEDITATION"
  },
  "mathematical_validation": {
    "energy_conservation_ratio": 1.000000102802586,
    "filtering_conservation": 1.0000001370701255,
    "rotation_conservation": 1.0000000685350463,
    "unitarity_score": 0.999999897197414,
    "numerical_stability": true,
    "validation_passed": true
  },
  "pipeline_steps": [
    "centralized_calibration",
    "text_to_fractal_signal",
    "fractal_dimension_calculation",
    "quaternion_mapping",
    "spectral_filtering",
    "so4_rotation",
    "consciousness_processing",
    "dcf_token_analysis"
  ],
  "dcf_analysis": {
    "fci_value": 0.8,
    "consciousness_state": "LINGUISTIC_MAPPING"
  },
  "spectral_analysis": {
    "fundamental_freq": 0.95,
    "harmonic_ratios": [],
    "spectral_centroid": 0.49025702476501465,
    "spectral_spread": 0.2884981632232666,
    "phase_coherence": 0.027908174321055412,
    "magnitude": [
      0.8352175354957581,
      0.8333791494369507,
      0.8222490549087524,
      0.8281301856040955,
      0.8255754709243774,
      0.8223555088043213,
      0.8299534320831299,
      0.8274714946746826,
      0.8261617422103882,
      0.8348376750946045,
      0.8354141116142273,
      0.8274129629135132,
      0.8186615109443665,
      0.8178631067276001,
      0.8358163237571716,
      0.833631157875061,
      0.832078218460083,
      0.8249890804290771,
      0.8325583338737488,
      0.8326714038848877,
      0.8313366770744324,
      0.838292121887207,
      0.8356321454048157,
      0.8188256025314331,
      0.8321307897567749,
      0.834860622882843,
      0.8308126926422119,
      0.8294352293014526,
      0.8334152698516846,
      0.8307478427886963,
      0.8346189260482788,
      0.8257169723510742,
      0.8216787576675415,
      0.8259878754615784,
      0.8415389060974121,
      0.8332187533378601,
      0.8300429582595825,
      0.8386117815971375,
      0.8324558734893799,
      0.8329334259033203,
      0.8314021229743958,
      0.8337968587875366,
      0.8246635794639587,
      0.8278152942657471,
      0.8300230503082275,
      0.8370233774185181,
      0.8268442153930664,
      0.8327993750572205,
      0.8212443590164185,
      0.8310278654098511
    ],
    "phase": [
      -2.3579530715942383,
      -2.3644158840179443,
      -2.3436646461486816,
      -2.3530490398406982,
      -2.364095687866211,
      -2.374878406524658,
      -2.355029344558716,
      -2.3626298904418945,
      -2.347788095474243,
      -2.352405548095703,
      -2.3582987785339355,
      -2.355330228805542,
      -2.338298797607422,
      -2.3342418670654297,
      -2.374396562576294,
      -2.358250141143799,
      -2.3684792518615723,
      -2.3474373817443848,
      -2.3577046394348145,
      -2.360795021057129,
      -2.3518424034118652,
      -2.366976261138916,
      -2.3592817783355713,
      -2.351734161376953,
      -2.3609888553619385,
      -2.370018720626831,
      -2.351761817932129,
      -2.354825973510742,
      -2.364654541015625,
      -2.3668181896209717,
      -2.3522329330444336,
      -2.3682990074157715,
      -2.3371448516845703,
      -2.3408150672912598,
      -2.375502586364746,
      -2.3637237548828125,
      -2.3532915115356445,
      -2.3779025077819824,
      -2.3620078563690186,
      -2.3656086921691895,
      -2.350867748260498,
      -2.3560733795166016,
      -2.3536572456359863,
      -2.3537487983703613,
      -2.3516783714294434,
      -2.3592052459716797,
      -2.3389205932617188,
      -2.3558530807495117,
      -2.341945171356201,
      -2.352306842803955
    ],
    "f1_frequency": 1456.562460388389,
    "f2_frequency": 2956.6818724614595,
    "f3_frequency": 4392.160225763193,
    "f1_f2_ratio": 0.4926341497726943,
    "formant_spacing": 1500.1194120730706,
    "spectral_tilt": 0.3665180876851082,
    "unitarity_error": 0.0,
    "spectrum_stability": 0.0,
    "evolution_steps": 3,
    "prime_resonant_filtering": true,
    "leech_lattice_embedding": true
  },
  "dcf_validation": {
    "is_valid": true
  },
  "dcf_metadata": {},
  "semantic_analysis": {}
}