{
  "timestamp": "20251012_004309",
  "input_text": "b",
  "task": "text-generation",
  "device": "cpu",
  "status": "success",
  "response": "behavior",
  "input_length": 1,
  "output_length": 8,
  "processing_time": -2.384185791015625e-07,
  "selected_method": "Linguistic Mapping System",
  "auto_calibration_applied": true,
  "physical_metrics": {
    "fractal_dimension": 2.0,
    "alpha_calibrated": 1.8,
    "beta_calibrated": 1.0,
    "I0_calibrated": 0.1,
    "omega_calibrated": 0.1,
    "k_calibrated": 4.0,
    "FCI": 0.8,
    "consciousness_state": "MEDITATION"
  },
  "mathematical_validation": {
    "energy_conservation_ratio": 0.9999999999999969,
    "filtering_conservation": 0.9999998335478176,
    "rotation_conservation": 1.000000166452176,
    "unitarity_score": 0.9999999999999969,
    "numerical_stability": true,
    "validation_passed": true
  },
  "pipeline_steps": [
    "centralized_calibration",
    "text_to_fractal_signal",
    "fractal_dimension_calculation",
    "quaternion_mapping",
    "spectral_filtering",
    "so4_rotation",
    "consciousness_processing",
    "dcf_token_analysis"
  ],
  "dcf_analysis": {
    "fci_value": 0.8,
    "consciousness_state": "LINGUISTIC_MAPPING"
  },
  "spectral_analysis": {
    "fundamental_freq": 0.95,
    "harmonic_ratios": [],
    "spectral_centroid": 0.4906328618526459,
    "spectral_spread": 0.2885991334915161,
    "phase_coherence": 0.3961067199707031,
    "magnitude": [
      0.7551621198654175,
      0.7531985640525818,
      0.7582877278327942,
      0.7550314664840698,
      0.7415721416473389,
      0.7521721124649048,
      0.7495975494384766,
      0.7526371479034424,
      0.745232343673706,
      0.7476354241371155,
      0.759432315826416,
      0.7504385113716125,
      0.7614707946777344,
      0.7606148719787598,
      0.7561116218566895,
      0.7439603209495544,
      0.7626940011978149,
      0.7513831853866577,
      0.7626978158950806,
      0.7545061707496643,
      0.7554209232330322,
      0.7631441354751587,
      0.7498940229415894,
      0.7400580644607544,
      0.7645055651664734,
      0.75160151720047,
      0.747430682182312,
      0.7547669410705566,
      0.7525274753570557,
      0.7608317136764526,
      0.7445715665817261,
      0.7639509439468384,
      0.7590625286102295,
      0.7507072687149048,
      0.7608449459075928,
      0.7641240954399109,
      0.7484931945800781,
      0.760104775428772,
      0.7483060956001282,
      0.7641684412956238,
      0.753145158290863,
      0.7642984390258789,
      0.7608277797698975,
      0.7539284229278564,
      0.7543401718139648,
      0.762338399887085,
      0.7595309019088745,
      0.7555651068687439,
      0.7543407678604126,
      0.7551517486572266
    ],
    "phase": [
      -2.357431411743164,
      -2.345892906188965,
      -2.3617002964019775,
      -2.369957208633423,
      -2.3326187133789062,
      -2.3552873134613037,
      -2.3505196571350098,
      -2.343451976776123,
      -2.3610522747039795,
      -2.337648391723633,
      -2.3646068572998047,
      -2.3451085090637207,
      -2.3551082611083984,
      -2.3544411659240723,
      -2.351073980331421,
      -2.3458402156829834,
      -2.368824005126953,
      -2.350217819213867,
      -2.3658580780029297,
      -2.348299980163574,
      -2.3490915298461914,
      -2.3544507026672363,
      -2.339998722076416,
      -2.34224796295166,
      -2.3707468509674072,
      -2.350764036178589,
      -2.3456084728240967,
      -2.356877088546753,
      -2.357816696166992,
      -2.376833438873291,
      -2.3354434967041016,
      -2.3746981620788574,
      -2.364706039428711,
      -2.342000961303711,
      -2.358689308166504,
      -2.3705928325653076,
      -2.3504977226257324,
      -2.363598346710205,
      -2.3443427085876465,
      -2.3580212593078613,
      -2.3467931747436523,
      -2.3655428886413574,
      -2.3604297637939453,
      -2.349388837814331,
      -2.352994441986084,
      -2.361245632171631,
      -2.352940797805786,
      -2.3643765449523926,
      -2.3529434204101562,
      -2.356996774673462
    ],
    "f1_frequency": 1519.0689841797757,
    "f2_frequency": 3006.3231951162934,
    "f3_frequency": 4523.733653941595,
    "f1_f2_ratio": 0.5052913095463156,
    "formant_spacing": 1487.2542109365177,
    "spectral_tilt": 0.41307687759399414,
    "unitarity_error": 0.0,
    "spectrum_stability": 0.0,
    "evolution_steps": 3,
    "prime_resonant_filtering": true,
    "leech_lattice_embedding": true
  },
  "dcf_validation": {
    "is_valid": true
  },
  "dcf_metadata": {},
  "semantic_analysis": {}
}