{
  "timestamp": "20251015_082733",
  "input_text": "Hello",
  "physical_metrics": {
    "fractal_dimension": 1.986918717622757,
    "alpha_calibrated": 1.7619955778121947,
    "beta_calibrated": 0.9762472361326218,
    "I0_calibrated": 0.20634892582893372,
    "omega_calibrated": 0.1,
    "k_calibrated": 3.904988944530487,
    "FCI": 0.8,
    "consciousness_state": "MEDITATION"
  },
  "mathematical_validation": {
    "energy_conservation_ratio": 0.0012522321769918737,
    "filtering_conservation": 0.0012418171268336927,
    "rotation_conservation": 0.0012626472271500544,
    "unitarity_score": 0.0012522321769918854,
    "numerical_stability": true,
    "validation_passed": false
  },
  "dcf_metadata": {}
}