{
  "timestamp": "20251012_000355",
  "input_text": "h",
  "task": "text-generation",
  "device": "cpu",
  "status": "success",
  "response": "it",
  "input_length": 1,
  "output_length": 2,
  "processing_time": -2.384185791015625e-07,
  "selected_method": "Linguistic Mapping System",
  "auto_calibration_applied": true,
  "physical_metrics": {
    "fractal_dimension": 2.0,
    "alpha_calibrated": 1.8,
    "beta_calibrated": 1.0,
    "I0_calibrated": 0.10236220061779022,
    "omega_calibrated": 0.1,
    "k_calibrated": 4.0,
    "FCI": 0.8,
    "consciousness_state": "MEDITATION"
  },
  "mathematical_validation": {
    "energy_conservation_ratio": 1.0000001579211006,
    "filtering_conservation": 1.000000552723664,
    "rotation_conservation": 0.9999997631185376,
    "unitarity_score": 0.9999998420788994,
    "numerical_stability": true,
    "validation_passed": true
  },
  "pipeline_steps": [
    "centralized_calibration",
    "text_to_fractal_signal",
    "fractal_dimension_calculation",
    "quaternion_mapping",
    "spectral_filtering",
    "so4_rotation",
    "consciousness_processing",
    "dcf_token_analysis"
  ],
  "dcf_analysis": {
    "fci_value": 0.8,
    "consciousness_state": "LINGUISTIC_MAPPING"
  },
  "spectral_analysis": {
    "fundamental_freq": 0.95,
    "harmonic_ratios": [],
    "spectral_centroid": 0.4902271330356598,
    "spectral_spread": 0.28857943415641785,
    "phase_coherence": 0.10115081071853638,
    "magnitude": [
      0.773016631603241,
      0.7810559272766113,
      0.7770557403564453,
      0.7718351483345032,
      0.7648192644119263,
      0.7674813270568848,
      0.7690507769584656,
      0.7808266282081604,
      0.7779172658920288,
      0.7737751007080078,
      0.7712122201919556,
      0.7811915278434753,
      0.7814192771911621,
      0.7798449397087097,
      0.7780069708824158,
      0.7761879563331604,
      0.7807353138923645,
      0.7796458005905151,
      0.7820824980735779,
      0.7788481116294861,
      0.7747649550437927,
      0.7784063220024109,
      0.776430070400238,
      0.7815362811088562,
      0.7767895460128784,
      0.7663720846176147,
      0.7714128494262695,
      0.7805059552192688,
      0.7775723934173584,
      0.7770954370498657,
      0.7631969451904297,
      0.7730619311332703,
      0.7708374261856079,
      0.7791740298271179,
      0.78273606300354,
      0.7684460282325745,
      0.7765811681747437,
      0.7736101150512695,
      0.7823042869567871,
      0.7796050310134888,
      0.7764173746109009,
      0.779267430305481,
      0.7790817618370056,
      0.7767469882965088,
      0.7648659348487854,
      0.7747296094894409,
      0.7814525365829468,
      0.7827431559562683,
      0.7813520431518555,
      0.7744483351707458
    ],
    "phase": [
      -2.348193645477295,
      -2.362694263458252,
      -2.35571026802063,
      -2.3423638343811035,
      -2.3598740100860596,
      -2.3503310680389404,
      -2.3434619903564453,
      -2.360804557800293,
      -2.359970808029175,
      -2.353907346725464,
      -2.3684840202331543,
      -2.3537790775299072,
      -2.3554117679595947,
      -2.3677823543548584,
      -2.3529772758483887,
      -2.3495755195617676,
      -2.3637588024139404,
      -2.356247901916504,
      -2.3681530952453613,
      -2.3574912548065186,
      -2.34769868850708,
      -2.3513119220733643,
      -2.354681968688965,
      -2.3726584911346436,
      -2.363093376159668,
      -2.3459248542785645,
      -2.354463815689087,
      -2.360347032546997,
      -2.3754396438598633,
      -2.3565869331359863,
      -2.3351197242736816,
      -2.354477882385254,
      -2.3498382568359375,
      -2.367154121398926,
      -2.3745241165161133,
      -2.3562793731689453,
      -2.3575730323791504,
      -2.3616764545440674,
      -2.3650736808776855,
      -2.367192029953003,
      -2.350554943084717,
      -2.354397773742676,
      -2.3549108505249023,
      -2.3553850650787354,
      -2.3329291343688965,
      -2.347541570663452,
      -2.353621482849121,
      -2.371840715408325,
      -2.3566670417785645,
      -2.3634841442108154
    ],
    "f1_frequency": 1369.5151592303487,
    "f2_frequency": 2692.2278359244724,
    "f3_frequency": 4181.737642855277,
    "f1_f2_ratio": 0.5086921474311541,
    "formant_spacing": 1322.7126766941237,
    "spectral_tilt": 0.3848535567522049,
    "unitarity_error": 0.0,
    "spectrum_stability": 0.0,
    "evolution_steps": 3,
    "prime_resonant_filtering": true,
    "leech_lattice_embedding": true
  },
  "dcf_validation": {
    "is_valid": true
  },
  "dcf_metadata": {},
  "semantic_analysis": {}
}