{
  "timestamp": "20251011_185243",
  "input_text": "a",
  "task": "text-generation",
  "device": "cpu",
  "status": "success",
  "response": "a",
  "input_length": 1,
  "output_length": 1,
  "processing_time": -2.384185791015625e-07,
  "selected_method": "Linguistic Mapping System",
  "auto_calibration_applied": true,
  "physical_metrics": {
    "fractal_dimension": 2.0,
    "alpha_calibrated": 1.8,
    "beta_calibrated": 1.0,
    "I0_calibrated": 0.1,
    "omega_calibrated": 0.1,
    "k_calibrated": 4.0,
    "FCI": 0.8,
    "consciousness_state": "MEDITATION"
  },
  "mathematical_validation": {
    "energy_conservation_ratio": 1.000000077645113,
    "filtering_conservation": 1.0000001552902418,
    "rotation_conservation": 0.9999999999999841,
    "unitarity_score": 0.999999922354887,
    "numerical_stability": true,
    "validation_passed": true
  },
  "pipeline_steps": [
    "centralized_calibration",
    "text_to_fractal_signal",
    "fractal_dimension_calculation",
    "quaternion_mapping",
    "spectral_filtering",
    "so4_rotation",
    "consciousness_processing",
    "dcf_token_analysis"
  ],
  "dcf_analysis": {
    "fci_value": 0.8,
    "consciousness_state": "LINGUISTIC_MAPPING"
  },
  "spectral_analysis": {
    "fundamental_freq": 0.95,
    "harmonic_ratios": [],
    "spectral_centroid": 0.48985713720321655,
    "spectral_spread": 0.28874096274375916,
    "phase_coherence": 0.07165304571390152,
    "magnitude": [
      0.7484438419342041,
      0.759686291217804,
      0.7590931057929993,
      0.7507377862930298,
      0.7598499655723572,
      0.7596921324729919,
      0.7582237720489502,
      0.7531633377075195,
      0.7484428882598877,
      0.7500337362289429,
      0.751947283744812,
      0.752066433429718,
      0.750982940196991,
      0.754452109336853,
      0.7544159293174744,
      0.7564732432365417,
      0.7469747066497803,
      0.7450191974639893,
      0.7613894939422607,
      0.7489003539085388,
      0.7412241697311401,
      0.7488234043121338,
      0.7495736479759216,
      0.7568860650062561,
      0.7575994729995728,
      0.7452995777130127,
      0.7608523964881897,
      0.7469460964202881,
      0.7538748383522034,
      0.7585723996162415,
      0.7611446380615234,
      0.7524545192718506,
      0.7430762052536011,
      0.738846480846405,
      0.7559995651245117,
      0.7494058609008789,
      0.7470261454582214,
      0.7524550557136536,
      0.7567380666732788,
      0.7489282488822937,
      0.7365801334381104,
      0.7495386600494385,
      0.7472335696220398,
      0.7541975378990173,
      0.744297981262207,
      0.755156397819519,
      0.7594782114028931,
      0.7559189796447754,
      0.7492730021476746,
      0.7568762898445129,
      0.7465466856956482,
      0.7458205223083496
    ],
    "phase": [
      -2.348540782928467,
      -2.370770215988159,
      -2.3541107177734375,
      -2.3498363494873047,
      -2.3653180599212646,
      -2.3607287406921387,
      -2.360072135925293,
      -2.346888542175293,
      -2.356773614883423,
      -2.351259231567383,
      -2.3616909980773926,
      -2.3616390228271484,
      -2.3469901084899902,
      -2.355412483215332,
      -2.3713977336883545,
      -2.358981132507324,
      -2.348367214202881,
      -2.33634877204895,
      -2.3665664196014404,
      -2.3715097904205322,
      -2.3350837230682373,
      -2.3496854305267334,
      -2.345893383026123,
      -2.369704008102417,
      -2.3540523052215576,
      -2.3378868103027344,
      -2.363088607788086,
      -2.3458924293518066,
      -2.3733348846435547,
      -2.3607916831970215,
      -2.362652540206909,
      -2.351632595062256,
      -2.3414652347564697,
      -2.3383326530456543,
      -2.354259729385376,
      -2.34802508354187,
      -2.3524394035339355,
      -2.361135482788086,
      -2.3547677993774414,
      -2.346219539642334,
      -2.3405890464782715,
      -2.3621582984924316,
      -2.3508310317993164,
      -2.3571441173553467,
      -2.3377599716186523,
      -2.358863592147827,
      -2.3632607460021973,
      -2.355186939239502,
      -2.352267265319824,
      -2.3668928146362305,
      -2.340712070465088,
      -2.3379878997802734
    ],
    "f1_frequency": 1453.472861950031,
    "f2_frequency": 2977.0451245995373,
    "f3_frequency": 4424.09966851181,
    "f1_f2_ratio": 0.48822668153058235,
    "formant_spacing": 1523.5722626495062,
    "spectral_tilt": -0.04652884788811207,
    "unitarity_error": 0.0,
    "spectrum_stability": 0.0,
    "evolution_steps": 3,
    "prime_resonant_filtering": true,
    "leech_lattice_embedding": true
  },
  "dcf_validation": {
    "is_valid": true
  },
  "dcf_metadata": {},
  "semantic_analysis": {}
}