{
  "timestamp": "20251012_000425",
  "input_text": "s",
  "task": "text-generation",
  "device": "cpu",
  "status": "success",
  "response": "spectral",
  "input_length": 1,
  "output_length": 8,
  "processing_time": -4.76837158203125e-07,
  "selected_method": "Linguistic Mapping System",
  "auto_calibration_applied": true,
  "physical_metrics": {
    "fractal_dimension": 2.0,
    "alpha_calibrated": 1.8,
    "beta_calibrated": 1.0,
    "I0_calibrated": 0.1131889745593071,
    "omega_calibrated": 0.1,
    "k_calibrated": 4.0,
    "FCI": 0.8,
    "consciousness_state": "MEDITATION"
  },
  "mathematical_validation": {
    "energy_conservation_ratio": 0.9999999999999852,
    "filtering_conservation": 0.9999999999999852,
    "rotation_conservation": 0.9999999999999852,
    "unitarity_score": 0.9999999999999852,
    "numerical_stability": true,
    "validation_passed": true
  },
  "pipeline_steps": [
    "centralized_calibration",
    "text_to_fractal_signal",
    "fractal_dimension_calculation",
    "quaternion_mapping",
    "spectral_filtering",
    "so4_rotation",
    "consciousness_processing",
    "dcf_token_analysis"
  ],
  "dcf_analysis": {
    "fci_value": 0.8,
    "consciousness_state": "LINGUISTIC_MAPPING"
  },
  "spectral_analysis": {
    "fundamental_freq": 0.95,
    "harmonic_ratios": [],
    "spectral_centroid": 0.4900721311569214,
    "spectral_spread": 0.2885574698448181,
    "phase_coherence": 0.09996877610683441,
    "magnitude": [
      0.8080484867095947,
      0.8150882720947266,
      0.8084890842437744,
      0.8089628219604492,
      0.7965824604034424,
      0.8010545969009399,
      0.8084985613822937,
      0.8135678768157959,
      0.8137617111206055,
      0.8109910488128662,
      0.8136520385742188,
      0.8090933561325073,
      0.8111027479171753,
      0.8143549561500549,
      0.8157280087471008,
      0.805086612701416,
      0.813214898109436,
      0.8150416612625122,
      0.8198357820510864,
      0.8188870549201965,
      0.8140629529953003,
      0.8131608963012695,
      0.8029029369354248,
      0.8089158535003662,
      0.8143075704574585,
      0.807524561882019,
      0.7872920036315918,
      0.8168982267379761,
      0.8127375841140747,
      0.8187949657440186,
      0.8148309588432312,
      0.8076909780502319,
      0.8043760061264038,
      0.8010160326957703,
      0.7937808036804199,
      0.8178640007972717,
      0.8122425675392151,
      0.8094639778137207,
      0.809211015701294,
      0.8066346645355225,
      0.8192383646965027,
      0.8121107816696167,
      0.8173351287841797,
      0.8009067177772522,
      0.8180392980575562,
      0.8078529834747314,
      0.81465083360672,
      0.815417468547821,
      0.8058363795280457,
      0.8077591061592102
    ],
    "phase": [
      -2.3556528091430664,
      -2.3707938194274902,
      -2.342439651489258,
      -2.3518803119659424,
      -2.3357605934143066,
      -2.3454372882843018,
      -2.3711671829223633,
      -2.3507397174835205,
      -2.3477935791015625,
      -2.3543701171875,
      -2.3631458282470703,
      -2.3515212535858154,
      -2.345343589782715,
      -2.3698830604553223,
      -2.3676276206970215,
      -2.3753132820129395,
      -2.352505683898926,
      -2.3551809787750244,
      -2.3624062538146973,
      -2.366880416870117,
      -2.365523338317871,
      -2.3833560943603516,
      -2.338195323944092,
      -2.3594279289245605,
      -2.380061149597168,
      -2.37684965133667,
      -2.321692943572998,
      -2.3784537315368652,
      -2.3517005443573,
      -2.3574142456054688,
      -2.3638648986816406,
      -2.371082305908203,
      -2.370415687561035,
      -2.342184543609619,
      -2.328248977661133,
      -2.360682487487793,
      -2.354480743408203,
      -2.3521289825439453,
      -2.345350742340088,
      -2.355248212814331,
      -2.373898506164551,
      -2.3697149753570557,
      -2.3767318725585938,
      -2.344297409057617,
      -2.3756608963012695,
      -2.352564573287964,
      -2.3497140407562256,
      -2.3681063652038574,
      -2.350069999694824,
      -2.3561103343963623
    ],
    "f1_frequency": 1429.9428970820043,
    "f2_frequency": 2755.0301465327684,
    "f3_frequency": 4133.367158744543,
    "f1_f2_ratio": 0.5190298548571605,
    "formant_spacing": 1325.0872494507641,
    "spectral_tilt": 0.3704608231782913,
    "unitarity_error": 0.0,
    "spectrum_stability": 0.0,
    "evolution_steps": 3,
    "prime_resonant_filtering": true,
    "leech_lattice_embedding": true
  },
  "dcf_validation": {
    "is_valid": true
  },
  "dcf_metadata": {},
  "semantic_analysis": {}
}