{
  "timestamp": "20251012_000349",
  "input_text": "f",
  "task": "text-generation",
  "device": "cpu",
  "status": "success",
  "response": "framework",
  "input_length": 1,
  "output_length": 9,
  "processing_time": -2.384185791015625e-07,
  "selected_method": "Linguistic Mapping System",
  "auto_calibration_applied": true,
  "physical_metrics": {
    "fractal_dimension": 2.0,
    "alpha_calibrated": 1.8,
    "beta_calibrated": 1.0,
    "I0_calibrated": 0.10039369761943817,
    "omega_calibrated": 0.1,
    "k_calibrated": 4.0,
    "FCI": 0.8,
    "consciousness_state": "MEDITATION"
  },
  "mathematical_validation": {
    "energy_conservation_ratio": 1.0000000803334221,
    "filtering_conservation": 1.0000000803334252,
    "rotation_conservation": 1.0000000803334188,
    "unitarity_score": 0.9999999196665779,
    "numerical_stability": true,
    "validation_passed": true
  },
  "pipeline_steps": [
    "centralized_calibration",
    "text_to_fractal_signal",
    "fractal_dimension_calculation",
    "quaternion_mapping",
    "spectral_filtering",
    "so4_rotation",
    "consciousness_processing",
    "dcf_token_analysis"
  ],
  "dcf_analysis": {
    "fci_value": 0.8,
    "consciousness_state": "LINGUISTIC_MAPPING"
  },
  "spectral_analysis": {
    "fundamental_freq": 0.95,
    "harmonic_ratios": [],
    "spectral_centroid": 0.4899332523345947,
    "spectral_spread": 0.2885649800300598,
    "phase_coherence": 0.013243009336292744,
    "magnitude": [
      0.7597622275352478,
      0.7758963108062744,
      0.7707748413085938,
      0.7743090391159058,
      0.7712091207504272,
      0.7633107304573059,
      0.7745056748390198,
      0.759882926940918,
      0.7714647054672241,
      0.7745758295059204,
      0.7686076164245605,
      0.7622454166412354,
      0.7685508131980896,
      0.7755292654037476,
      0.7634602785110474,
      0.7538760900497437,
      0.7685698866844177,
      0.7724510431289673,
      0.7703018188476562,
      0.7733458876609802,
      0.764716386795044,
      0.7698246240615845,
      0.7602869272232056,
      0.7754881381988525,
      0.7757093906402588,
      0.7718750834465027,
      0.7764919400215149,
      0.7593333125114441,
      0.7684202790260315,
      0.7519386410713196,
      0.7769255042076111,
      0.7703363299369812,
      0.7740991115570068,
      0.7710676193237305,
      0.7737693786621094,
      0.7655304670333862,
      0.7722375392913818,
      0.7678802013397217,
      0.762043833732605,
      0.7741857171058655,
      0.769093930721283,
      0.7719487547874451,
      0.7707964181900024,
      0.7647223472595215,
      0.77042555809021,
      0.7715812921524048,
      0.7593098878860474,
      0.7619847059249878,
      0.7685642838478088,
      0.7701225876808167
    ],
    "phase": [
      -2.3377270698547363,
      -2.3586690425872803,
      -2.3532185554504395,
      -2.3590846061706543,
      -2.3532814979553223,
      -2.3429009914398193,
      -2.374105215072632,
      -2.3593759536743164,
      -2.3529937267303467,
      -2.3630192279815674,
      -2.349493980407715,
      -2.357067584991455,
      -2.3547608852386475,
      -2.3545308113098145,
      -2.3555071353912354,
      -2.3486242294311523,
      -2.351223945617676,
      -2.357203483581543,
      -2.353665351867676,
      -2.365696668624878,
      -2.3534648418426514,
      -2.351459503173828,
      -2.3552892208099365,
      -2.356445550918579,
      -2.3769989013671875,
      -2.3658454418182373,
      -2.361189365386963,
      -2.332144260406494,
      -2.3503835201263428,
      -2.329075336456299,
      -2.363241672515869,
      -2.350294828414917,
      -2.355113983154297,
      -2.3583803176879883,
      -2.3639180660247803,
      -2.346698760986328,
      -2.3707289695739746,
      -2.361989974975586,
      -2.353541612625122,
      -2.3581314086914062,
      -2.3537774085998535,
      -2.3568191528320312,
      -2.365595817565918,
      -2.3545045852661133,
      -2.3642070293426514,
      -2.3607380390167236,
      -2.3377902507781982,
      -2.3429455757141113,
      -2.350193500518799,
      -2.3660788536071777
    ],
    "f1_frequency": 1564.1768006969498,
    "f2_frequency": 3172.6531352332654,
    "f3_frequency": 4700.134186661433,
    "f1_f2_ratio": 0.4930185349688237,
    "formant_spacing": 1608.4763345363156,
    "spectral_tilt": 0.3364173695445061,
    "unitarity_error": 0.0,
    "spectrum_stability": 0.0,
    "evolution_steps": 3,
    "prime_resonant_filtering": true,
    "leech_lattice_embedding": true
  },
  "dcf_validation": {
    "is_valid": true
  },
  "dcf_metadata": {},
  "semantic_analysis": {}
}