{
  "timestamp": "20251012_140813",
  "input_text": "a",
  "task": "text-generation",
  "device": "cpu",
  "status": "success",
  "response": "a",
  "input_length": 1,
  "output_length": 1,
  "processing_time": -7.152557373046875e-07,
  "selected_method": "Linguistic Mapping System",
  "auto_calibration_applied": true,
  "physical_metrics": {
    "fractal_dimension": 2.0,
    "alpha_calibrated": 1.8,
    "beta_calibrated": 1.0,
    "I0_calibrated": 0.1,
    "omega_calibrated": 0.1,
    "k_calibrated": 4.0,
    "FCI": 0.8,
    "consciousness_state": "MEDITATION"
  },
  "mathematical_validation": {
    "energy_conservation_ratio": 0.9999999999999962,
    "filtering_conservation": 1.0000001552902418,
    "rotation_conservation": 0.9999998447097506,
    "unitarity_score": 0.9999999999999962,
    "numerical_stability": true,
    "validation_passed": true
  },
  "pipeline_steps": [
    "centralized_calibration",
    "text_to_fractal_signal",
    "fractal_dimension_calculation",
    "quaternion_mapping",
    "spectral_filtering",
    "so4_rotation",
    "consciousness_processing",
    "dcf_token_analysis"
  ],
  "dcf_analysis": {
    "fci_value": 0.8,
    "consciousness_state": "LINGUISTIC_MAPPING"
  },
  "spectral_analysis": {
    "fundamental_freq": 0.95,
    "harmonic_ratios": [],
    "spectral_centroid": 0.49048998951911926,
    "spectral_spread": 0.2886342406272888,
    "phase_coherence": 0.09174676984548569,
    "magnitude": [
      0.7487689256668091,
      0.7536741495132446,
      0.7597185373306274,
      0.7406237125396729,
      0.7550761699676514,
      0.7591320872306824,
      0.7539491653442383,
      0.7453423738479614,
      0.7520926594734192,
      0.754500150680542,
      0.7559394836425781,
      0.7532026767730713,
      0.7544717192649841,
      0.7541347146034241,
      0.7596579790115356,
      0.7549290060997009,
      0.7320508360862732,
      0.7485560178756714,
      0.7369492053985596,
      0.7535843849182129,
      0.7559376358985901,
      0.7461493015289307,
      0.7513614892959595,
      0.7485417723655701,
      0.7591902613639832,
      0.7586225271224976,
      0.7386054992675781,
      0.7612826228141785,
      0.7582413554191589,
      0.7587743401527405,
      0.7521372437477112,
      0.758965253829956,
      0.7517250776290894,
      0.7510772943496704,
      0.7570434212684631,
      0.7598847150802612,
      0.7574337124824524,
      0.7527496814727783,
      0.740307092666626,
      0.7549124956130981,
      0.7500026226043701,
      0.7514901161193848,
      0.7501211166381836,
      0.7469079494476318,
      0.7466034293174744,
      0.7614297270774841,
      0.7503870129585266,
      0.7474617958068848,
      0.7499169111251831,
      0.755683183670044,
      0.7601741552352905,
      0.752517819404602
    ],
    "phase": [
      -2.344576835632324,
      -2.3699896335601807,
      -2.379373073577881,
      -2.335857391357422,
      -2.3530735969543457,
      -2.367656946182251,
      -2.3553292751312256,
      -2.359126567840576,
      -2.3596091270446777,
      -2.350245475769043,
      -2.3492650985717773,
      -2.348155975341797,
      -2.359727382659912,
      -2.3481404781341553,
      -2.3608903884887695,
      -2.3566243648529053,
      -2.332383155822754,
      -2.3419559001922607,
      -2.3277628421783447,
      -2.3480629920959473,
      -2.3500685691833496,
      -2.3511803150177,
      -2.361237049102783,
      -2.341460704803467,
      -2.362710952758789,
      -2.368712902069092,
      -2.3272578716278076,
      -2.3771631717681885,
      -2.3718111515045166,
      -2.3620316982269287,
      -2.347900152206421,
      -2.3755264282226562,
      -2.3624486923217773,
      -2.3468830585479736,
      -2.3612565994262695,
      -2.3830795288085938,
      -2.3599205017089844,
      -2.3486666679382324,
      -2.3309733867645264,
      -2.3569321632385254,
      -2.3437728881835938,
      -2.3449697494506836,
      -2.3472957611083984,
      -2.3514232635498047,
      -2.3583409786224365,
      -2.365368604660034,
      -2.3584673404693604,
      -2.3421452045440674,
      -2.3447771072387695,
      -2.3523292541503906,
      -2.366238832473755,
      -2.374500274658203
    ],
    "f1_frequency": 1423.0887411069211,
    "f2_frequency": 2912.8353937477696,
    "f3_frequency": 4348.575739411396,
    "f1_f2_ratio": 0.4885578993449124,
    "formant_spacing": 1489.7466526408484,
    "spectral_tilt": -0.00792522681877017,
    "unitarity_error": 0.0,
    "spectrum_stability": 0.0,
    "evolution_steps": 3,
    "prime_resonant_filtering": true,
    "leech_lattice_embedding": true
  },
  "dcf_validation": {
    "is_valid": true
  },
  "dcf_metadata": {},
  "semantic_analysis": {}
}