{
  "timestamp": "20251012_000409",
  "input_text": "m",
  "task": "text-generation",
  "device": "cpu",
  "status": "success",
  "response": "model",
  "input_length": 1,
  "output_length": 5,
  "processing_time": -2.384185791015625e-07,
  "selected_method": "Linguistic Mapping System",
  "auto_calibration_applied": true,
  "physical_metrics": {
    "fractal_dimension": 2.0,
    "alpha_calibrated": 1.8,
    "beta_calibrated": 1.0,
    "I0_calibrated": 0.10728345811367035,
    "omega_calibrated": 0.1,
    "k_calibrated": 4.0,
    "FCI": 0.8,
    "consciousness_state": "MEDITATION"
  },
  "mathematical_validation": {
    "energy_conservation_ratio": 0.9999999621350488,
    "filtering_conservation": 0.9999997728102675,
    "rotation_conservation": 1.0000001514598302,
    "unitarity_score": 0.9999999621350488,
    "numerical_stability": true,
    "validation_passed": true
  },
  "pipeline_steps": [
    "centralized_calibration",
    "text_to_fractal_signal",
    "fractal_dimension_calculation",
    "quaternion_mapping",
    "spectral_filtering",
    "so4_rotation",
    "consciousness_processing",
    "dcf_token_analysis"
  ],
  "dcf_analysis": {
    "fci_value": 0.8,
    "consciousness_state": "LINGUISTIC_MAPPING"
  },
  "spectral_analysis": {
    "fundamental_freq": 0.95,
    "harmonic_ratios": [],
    "spectral_centroid": 0.4900985062122345,
    "spectral_spread": 0.2885410189628601,
    "phase_coherence": 0.02982182241976261,
    "magnitude": [
      0.7825922966003418,
      0.7786295413970947,
      0.7928308248519897,
      0.7966700196266174,
      0.7943000793457031,
      0.7938694953918457,
      0.8003867864608765,
      0.7982351779937744,
      0.7952542901039124,
      0.7752536535263062,
      0.792331337928772,
      0.7963990569114685,
      0.7925790548324585,
      0.7896302938461304,
      0.7899353504180908,
      0.7964100241661072,
      0.7962703108787537,
      0.798906683921814,
      0.7977220416069031,
      0.7755633592605591,
      0.7965998649597168,
      0.7931810617446899,
      0.7888239026069641,
      0.7899262309074402,
      0.7927843332290649,
      0.7853423357009888,
      0.7917870283126831,
      0.7936906814575195,
      0.7921146154403687,
      0.7924342155456543,
      0.794985294342041,
      0.7943623661994934,
      0.7959352135658264,
      0.796959638595581,
      0.7813042402267456,
      0.7851300239562988,
      0.7853308320045471,
      0.7949357032775879,
      0.8006708025932312,
      0.796416163444519,
      0.7859732508659363,
      0.7948077917098999,
      0.7936674356460571,
      0.7958062291145325,
      0.7920864820480347,
      0.7858986258506775,
      0.7956986427307129,
      0.7941356897354126,
      0.7834712862968445,
      0.7958753108978271
    ],
    "phase": [
      -2.3539493083953857,
      -2.329979419708252,
      -2.3509929180145264,
      -2.3604493141174316,
      -2.3572838306427,
      -2.3628101348876953,
      -2.370483875274658,
      -2.3656725883483887,
      -2.360214948654175,
      -2.3373146057128906,
      -2.358966112136841,
      -2.353909730911255,
      -2.361502170562744,
      -2.366915225982666,
      -2.348871946334839,
      -2.3583905696868896,
      -2.3550984859466553,
      -2.3807103633880615,
      -2.3580939769744873,
      -2.3435075283050537,
      -2.356877326965332,
      -2.3609747886657715,
      -2.3462140560150146,
      -2.353531837463379,
      -2.35752534866333,
      -2.338780403137207,
      -2.3515450954437256,
      -2.354142665863037,
      -2.373709201812744,
      -2.3504629135131836,
      -2.357295513153076,
      -2.3640105724334717,
      -2.3518972396850586,
      -2.3579766750335693,
      -2.342146396636963,
      -2.3398261070251465,
      -2.357809066772461,
      -2.3536009788513184,
      -2.383589506149292,
      -2.3532447814941406,
      -2.346747875213623,
      -2.3475863933563232,
      -2.3605616092681885,
      -2.369067668914795,
      -2.367776393890381,
      -2.346081495285034,
      -2.364588737487793,
      -2.3502368927001953,
      -2.351019859313965,
      -2.3647279739379883
    ],
    "f1_frequency": 1340.990878907571,
    "f2_frequency": 2730.3050149049322,
    "f3_frequency": 4279.370891705309,
    "f1_f2_ratio": 0.49115057533389306,
    "formant_spacing": 1389.3141359973613,
    "spectral_tilt": 0.36532454192638397,
    "unitarity_error": 0.0,
    "spectrum_stability": 0.0,
    "evolution_steps": 3,
    "prime_resonant_filtering": true,
    "leech_lattice_embedding": true
  },
  "dcf_validation": {
    "is_valid": true
  },
  "dcf_metadata": {},
  "semantic_analysis": {}
}