{
  "timestamp": "20251012_000401",
  "input_text": "j",
  "task": "text-generation",
  "device": "cpu",
  "status": "success",
  "response": "quaternionic",
  "input_length": 1,
  "output_length": 12,
  "processing_time": -2.384185791015625e-07,
  "selected_method": "Linguistic Mapping System",
  "auto_calibration_applied": true,
  "physical_metrics": {
    "fractal_dimension": 2.0,
    "alpha_calibrated": 1.8,
    "beta_calibrated": 1.0,
    "I0_calibrated": 0.10433071106672287,
    "omega_calibrated": 0.1,
    "k_calibrated": 4.0,
    "FCI": 0.8,
    "consciousness_state": "MEDITATION"
  },
  "mathematical_validation": {
    "energy_conservation_ratio": 1.0000000388172108,
    "filtering_conservation": 1.0000000776344375,
    "rotation_conservation": 0.9999999999999841,
    "unitarity_score": 0.9999999611827892,
    "numerical_stability": true,
    "validation_passed": true
  },
  "pipeline_steps": [
    "centralized_calibration",
    "text_to_fractal_signal",
    "fractal_dimension_calculation",
    "quaternion_mapping",
    "spectral_filtering",
    "so4_rotation",
    "consciousness_processing",
    "dcf_token_analysis"
  ],
  "dcf_analysis": {
    "fci_value": 0.8,
    "consciousness_state": "LINGUISTIC_MAPPING"
  },
  "spectral_analysis": {
    "fundamental_freq": 0.95,
    "harmonic_ratios": [],
    "spectral_centroid": 0.4898592233657837,
    "spectral_spread": 0.28849008679389954,
    "phase_coherence": 0.12563644349575043,
    "magnitude": [
      0.7879822254180908,
      0.7792708873748779,
      0.7814489603042603,
      0.7678333520889282,
      0.7874050140380859,
      0.7864484786987305,
      0.7779659032821655,
      0.7772021293640137,
      0.7804160118103027,
      0.7805439233779907,
      0.7867439389228821,
      0.7846750020980835,
      0.7869141101837158,
      0.7816194295883179,
      0.7835936546325684,
      0.780512809753418,
      0.7902278900146484,
      0.7810277342796326,
      0.7852928042411804,
      0.7804704308509827,
      0.773838222026825,
      0.7901390790939331,
      0.7868453860282898,
      0.7897562980651855,
      0.7816554307937622,
      0.7817490100860596,
      0.777187168598175,
      0.7870765328407288,
      0.7882928252220154,
      0.7845997214317322,
      0.7901701927185059,
      0.7809492349624634,
      0.7805812358856201,
      0.775576651096344,
      0.7775006294250488,
      0.7712103724479675,
      0.7882513403892517,
      0.7851419448852539,
      0.7923981547355652,
      0.7733553647994995,
      0.7803483009338379,
      0.7749045491218567,
      0.7678990364074707,
      0.7867753505706787,
      0.7823489308357239,
      0.7746485471725464,
      0.7900761365890503,
      0.7776744961738586,
      0.7895713448524475,
      0.7797439694404602
    ],
    "phase": [
      -2.3591575622558594,
      -2.349240303039551,
      -2.351536750793457,
      -2.3361916542053223,
      -2.3610081672668457,
      -2.35426926612854,
      -2.358778476715088,
      -2.350951671600342,
      -2.344207286834717,
      -2.3659472465515137,
      -2.3544983863830566,
      -2.3520169258117676,
      -2.350863218307495,
      -2.3545193672180176,
      -2.3608131408691406,
      -2.3483777046203613,
      -2.367173910140991,
      -2.3526902198791504,
      -2.3710081577301025,
      -2.35273814201355,
      -2.340550661087036,
      -2.366621494293213,
      -2.350724220275879,
      -2.375059127807617,
      -2.3586695194244385,
      -2.3548476696014404,
      -2.3650612831115723,
      -2.3696892261505127,
      -2.375715732574463,
      -2.3555705547332764,
      -2.3761699199676514,
      -2.353148937225342,
      -2.358370542526245,
      -2.357020378112793,
      -2.347907066345215,
      -2.3474199771881104,
      -2.3569250106811523,
      -2.363537311553955,
      -2.3784797191619873,
      -2.345881223678589,
      -2.3600497245788574,
      -2.3439478874206543,
      -2.3516645431518555,
      -2.3639419078826904,
      -2.3484749794006348,
      -2.3468198776245117,
      -2.380002498626709,
      -2.35714054107666,
      -2.3624396324157715,
      -2.34946608543396
    ],
    "f1_frequency": 1355.2932888591383,
    "f2_frequency": 2775.698929973799,
    "f3_frequency": 4108.220135523811,
    "f1_f2_ratio": 0.48827099878297375,
    "formant_spacing": 1420.4056411146605,
    "spectral_tilt": 0.3438800945878029,
    "unitarity_error": 0.0,
    "spectrum_stability": 0.0,
    "evolution_steps": 3,
    "prime_resonant_filtering": true,
    "leech_lattice_embedding": true
  },
  "dcf_validation": {
    "is_valid": true
  },
  "dcf_metadata": {},
  "semantic_analysis": {}
}