{
  "timestamp": "20251012_000412",
  "input_text": "n",
  "task": "text-generation",
  "device": "cpu",
  "status": "success",
  "response": "and",
  "input_length": 1,
  "output_length": 3,
  "processing_time": -2.384185791015625e-07,
  "selected_method": "Linguistic Mapping System",
  "auto_calibration_applied": true,
  "physical_metrics": {
    "fractal_dimension": 2.0,
    "alpha_calibrated": 1.8,
    "beta_calibrated": 1.0,
    "I0_calibrated": 0.10826772451400757,
    "omega_calibrated": 0.1,
    "k_calibrated": 4.0,
    "FCI": 0.8,
    "consciousness_state": "MEDITATION"
  },
  "mathematical_validation": {
    "energy_conservation_ratio": 1.0000000375584246,
    "filtering_conservation": 1.000000150233722,
    "rotation_conservation": 0.9999999248831272,
    "unitarity_score": 0.9999999624415754,
    "numerical_stability": true,
    "validation_passed": true
  },
  "pipeline_steps": [
    "centralized_calibration",
    "text_to_fractal_signal",
    "fractal_dimension_calculation",
    "quaternion_mapping",
    "spectral_filtering",
    "so4_rotation",
    "consciousness_processing",
    "dcf_token_analysis"
  ],
  "dcf_analysis": {
    "fci_value": 0.8,
    "consciousness_state": "LINGUISTIC_MAPPING"
  },
  "spectral_analysis": {
    "fundamental_freq": 0.95,
    "harmonic_ratios": [],
    "spectral_centroid": 0.48985207080841064,
    "spectral_spread": 0.2887980341911316,
    "phase_coherence": 0.3350575864315033,
    "magnitude": [
      0.7899312973022461,
      0.8018808364868164,
      0.7975810170173645,
      0.7954161763191223,
      0.7960675954818726,
      0.8016966581344604,
      0.7948424816131592,
      0.7959266901016235,
      0.7940309643745422,
      0.7905911803245544,
      0.7989609241485596,
      0.7985303401947021,
      0.8019964694976807,
      0.79604172706604,
      0.7896723747253418,
      0.7979909777641296,
      0.7999014258384705,
      0.7818747758865356,
      0.7920171022415161,
      0.791408360004425,
      0.8028681874275208,
      0.7991311550140381,
      0.7919751405715942,
      0.7847076654434204,
      0.7963780164718628,
      0.7908283472061157,
      0.7846575975418091,
      0.7950983047485352,
      0.8026106953620911,
      0.8009679913520813,
      0.798365592956543,
      0.792354941368103,
      0.7964339852333069,
      0.7957324981689453,
      0.7836986780166626,
      0.7861838340759277,
      0.7929568290710449,
      0.7918679118156433,
      0.7927258014678955,
      0.7947472929954529,
      0.7872798442840576,
      0.789337158203125,
      0.799727737903595,
      0.8017300963401794,
      0.8007323741912842,
      0.8015666007995605,
      0.788608968257904,
      0.8018876910209656,
      0.800653874874115,
      0.788972020149231
    ],
    "phase": [
      -2.343355178833008,
      -2.359544277191162,
      -2.362823963165283,
      -2.3760151863098145,
      -2.371128797531128,
      -2.3634259700775146,
      -2.344853401184082,
      -2.352057456970215,
      -2.3549985885620117,
      -2.3433971405029297,
      -2.352463960647583,
      -2.3613903522491455,
      -2.3702383041381836,
      -2.3705077171325684,
      -2.3629441261291504,
      -2.365330457687378,
      -2.358609676361084,
      -2.3422508239746094,
      -2.3514599800109863,
      -2.3508386611938477,
      -2.3628346920013428,
      -2.3583388328552246,
      -2.366044282913208,
      -2.347787857055664,
      -2.349926471710205,
      -2.3592519760131836,
      -2.354459285736084,
      -2.355658769607544,
      -2.3622372150421143,
      -2.36272931098938,
      -2.375638484954834,
      -2.3660693168640137,
      -2.376918077468872,
      -2.346527576446533,
      -2.3319809436798096,
      -2.338439702987671,
      -2.364086151123047,
      -2.3513269424438477,
      -2.3536248207092285,
      -2.3600802421569824,
      -2.3481526374816895,
      -2.364468574523926,
      -2.3630475997924805,
      -2.368543863296509,
      -2.3665175437927246,
      -2.371455192565918,
      -2.3472654819488525,
      -2.3651249408721924,
      -2.373854637145996,
      -2.351572036743164
    ],
    "f1_frequency": 1383.7781934832583,
    "f2_frequency": 2826.276578420052,
    "f3_frequency": 4349.49867812237,
    "f1_f2_ratio": 0.4896117400713908,
    "formant_spacing": 1442.4983849367936,
    "spectral_tilt": 0.3377505764365196,
    "unitarity_error": 0.0,
    "spectrum_stability": 0.0,
    "evolution_steps": 3,
    "prime_resonant_filtering": true,
    "leech_lattice_embedding": true
  },
  "dcf_validation": {
    "is_valid": true
  },
  "dcf_metadata": {},
  "semantic_analysis": {}
}