{
  "timestamp": "20251012_000439",
  "input_text": "x",
  "task": "text-generation",
  "device": "cpu",
  "status": "success",
  "response": "analysis",
  "input_length": 1,
  "output_length": 8,
  "processing_time": 0.0,
  "selected_method": "Linguistic Mapping System",
  "auto_calibration_applied": true,
  "physical_metrics": {
    "fractal_dimension": 2.0,
    "alpha_calibrated": 1.8,
    "beta_calibrated": 1.0,
    "I0_calibrated": 0.11811023950576782,
    "omega_calibrated": 0.1,
    "k_calibrated": 4.0,
    "FCI": 0.8,
    "consciousness_state": "MEDITATION"
  },
  "mathematical_validation": {
    "energy_conservation_ratio": 0.9999999999999882,
    "filtering_conservation": 0.9999999304609586,
    "rotation_conservation": 1.0000000695390179,
    "unitarity_score": 0.9999999999999882,
    "numerical_stability": true,
    "validation_passed": true
  },
  "pipeline_steps": [
    "centralized_calibration",
    "text_to_fractal_signal",
    "fractal_dimension_calculation",
    "quaternion_mapping",
    "spectral_filtering",
    "so4_rotation",
    "consciousness_processing",
    "dcf_token_analysis"
  ],
  "dcf_analysis": {
    "fci_value": 0.8,
    "consciousness_state": "LINGUISTIC_MAPPING"
  },
  "spectral_analysis": {
    "fundamental_freq": 0.95,
    "harmonic_ratios": [],
    "spectral_centroid": 0.4901251494884491,
    "spectral_spread": 0.2888616621494293,
    "phase_coherence": 0.02172740176320076,
    "magnitude": [
      0.8340190052986145,
      0.8278697729110718,
      0.8240466117858887,
      0.8164324760437012,
      0.829612135887146,
      0.8196647763252258,
      0.8127696514129639,
      0.8240017890930176,
      0.8284251689910889,
      0.8320678472518921,
      0.828264057636261,
      0.8250937461853027,
      0.8235040903091431,
      0.8169910907745361,
      0.8256961107254028,
      0.821875810623169,
      0.8228647708892822,
      0.8291317820549011,
      0.8276423215866089,
      0.8239618539810181,
      0.8214542269706726,
      0.8313920497894287,
      0.8307704925537109,
      0.8271226286888123,
      0.8210248947143555,
      0.8077483177185059,
      0.8251500129699707,
      0.8163770437240601,
      0.8290406465530396,
      0.8238634467124939,
      0.8110487461090088,
      0.8078086376190186,
      0.8141586780548096,
      0.8285182118415833,
      0.8235588073730469,
      0.8274415731430054,
      0.8278137445449829,
      0.8291492462158203,
      0.8271118998527527,
      0.8197769522666931,
      0.8266031742095947,
      0.8320508003234863,
      0.829840362071991,
      0.8251241445541382,
      0.823156476020813,
      0.8201274871826172,
      0.8282448053359985,
      0.8339819312095642,
      0.8296042680740356,
      0.8231514692306519
    ],
    "phase": [
      -2.36438250541687,
      -2.352503776550293,
      -2.3510355949401855,
      -2.341057777404785,
      -2.354585647583008,
      -2.3433666229248047,
      -2.3388493061065674,
      -2.360830545425415,
      -2.3596229553222656,
      -2.3661446571350098,
      -2.351447105407715,
      -2.3577511310577393,
      -2.3568952083587646,
      -2.351757049560547,
      -2.352227210998535,
      -2.363522529602051,
      -2.3524489402770996,
      -2.3571646213531494,
      -2.352668285369873,
      -2.357362985610962,
      -2.3459115028381348,
      -2.354325294494629,
      -2.3654704093933105,
      -2.3786144256591797,
      -2.3431293964385986,
      -2.326071262359619,
      -2.3710691928863525,
      -2.3572614192962646,
      -2.363353729248047,
      -2.367309093475342,
      -2.347175359725952,
      -2.367326498031616,
      -2.337265729904175,
      -2.3469271659851074,
      -2.34694504737854,
      -2.354433536529541,
      -2.3596668243408203,
      -2.358558177947998,
      -2.3525547981262207,
      -2.346031665802002,
      -2.3622264862060547,
      -2.372096061706543,
      -2.366508960723877,
      -2.348078489303589,
      -2.3633956909179688,
      -2.341062307357788,
      -2.351456880569458,
      -2.3749442100524902,
      -2.354243278503418,
      -2.3618478775024414
    ],
    "f1_frequency": 1417.0116027759573,
    "f2_frequency": 2733.070374101692,
    "f3_frequency": 4077.508545872257,
    "f1_f2_ratio": 0.5184687581422787,
    "formant_spacing": 1316.0587713257346,
    "spectral_tilt": 0.36405596882104874,
    "unitarity_error": 0.0,
    "spectrum_stability": 0.0,
    "evolution_steps": 3,
    "prime_resonant_filtering": true,
    "leech_lattice_embedding": true
  },
  "dcf_validation": {
    "is_valid": true
  },
  "dcf_metadata": {},
  "semantic_analysis": {}
}