{
  "timestamp": "20251011_232753",
  "input_text": "c",
  "task": "text-generation",
  "device": "cpu",
  "status": "success",
  "response": "consciousness",
  "input_length": 1,
  "output_length": 13,
  "processing_time": -2.384185791015625e-07,
  "selected_method": "Linguistic Mapping System",
  "auto_calibration_applied": true,
  "physical_metrics": {
    "fractal_dimension": 2.0,
    "alpha_calibrated": 1.8,
    "beta_calibrated": 1.0,
    "I0_calibrated": 0.1,
    "omega_calibrated": 0.1,
    "k_calibrated": 4.0,
    "FCI": 0.8,
    "consciousness_state": "MEDITATION"
  },
  "mathematical_validation": {
    "energy_conservation_ratio": 1.0000000412420456,
    "filtering_conservation": 1.0000002474522354,
    "rotation_conservation": 0.9999998350318557,
    "unitarity_score": 0.9999999587579544,
    "numerical_stability": true,
    "validation_passed": true
  },
  "pipeline_steps": [
    "centralized_calibration",
    "text_to_fractal_signal",
    "fractal_dimension_calculation",
    "quaternion_mapping",
    "spectral_filtering",
    "so4_rotation",
    "consciousness_processing",
    "dcf_token_analysis"
  ],
  "dcf_analysis": {
    "fci_value": 0.8,
    "consciousness_state": "LINGUISTIC_MAPPING"
  },
  "spectral_analysis": {
    "fundamental_freq": 0.95,
    "harmonic_ratios": [],
    "spectral_centroid": 0.489993691444397,
    "spectral_spread": 0.28867924213409424,
    "phase_coherence": 0.10347316414117813,
    "magnitude": [
      0.7506341934204102,
      0.7578881978988647,
      0.7655237913131714,
      0.7666504383087158,
      0.7652254700660706,
      0.7606141567230225,
      0.7641383409500122,
      0.76285719871521,
      0.7563472986221313,
      0.7629795074462891,
      0.7620020508766174,
      0.7542846202850342,
      0.7550053596496582,
      0.7456145882606506,
      0.7644621133804321,
      0.7590057849884033,
      0.7601927518844604,
      0.7555033564567566,
      0.754080057144165,
      0.7674118280410767,
      0.7548279762268066,
      0.7595047354698181,
      0.7510433793067932,
      0.7647923231124878,
      0.7674492597579956,
      0.7585180997848511,
      0.7644649744033813,
      0.761400580406189,
      0.751349151134491,
      0.7628491520881653,
      0.7553991675376892,
      0.7543955445289612,
      0.7627183794975281,
      0.7654686570167542,
      0.7612079381942749,
      0.7601256370544434,
      0.7627971172332764,
      0.762078046798706,
      0.7604784965515137,
      0.7650258541107178,
      0.7583259344100952,
      0.745560884475708,
      0.7567082643508911,
      0.7622942328453064,
      0.7529228925704956,
      0.7639786601066589,
      0.756341814994812,
      0.758826494216919,
      0.7656884789466858,
      0.7625612020492554
    ],
    "phase": [
      -2.347114324569702,
      -2.362736225128174,
      -2.3764185905456543,
      -2.3640952110290527,
      -2.3546595573425293,
      -2.358963966369629,
      -2.3628854751586914,
      -2.3692967891693115,
      -2.344475030899048,
      -2.3525567054748535,
      -2.3565731048583984,
      -2.3455677032470703,
      -2.356607675552368,
      -2.3436121940612793,
      -2.364710569381714,
      -2.348250389099121,
      -2.355808734893799,
      -2.3590192794799805,
      -2.3445987701416016,
      -2.378580331802368,
      -2.36596941947937,
      -2.353813409805298,
      -2.353294849395752,
      -2.37136173248291,
      -2.3649682998657227,
      -2.364710807800293,
      -2.367368459701538,
      -2.3631529808044434,
      -2.3442349433898926,
      -2.3591365814208984,
      -2.3433966636657715,
      -2.3537139892578125,
      -2.3610262870788574,
      -2.3700573444366455,
      -2.351052761077881,
      -2.3534305095672607,
      -2.362738609313965,
      -2.351822853088379,
      -2.354811668395996,
      -2.3716983795166016,
      -2.357741117477417,
      -2.3325753211975098,
      -2.342677116394043,
      -2.3649983406066895,
      -2.36529541015625,
      -2.3749632835388184,
      -2.369309186935425,
      -2.352754592895508,
      -2.3612725734710693,
      -2.355407953262329
    ],
    "f1_frequency": 1456.1054750142819,
    "f2_frequency": 2988.508532707514,
    "f3_frequency": 4691.050472249318,
    "f1_f2_ratio": 0.48723483941171375,
    "formant_spacing": 1532.403057693232,
    "spectral_tilt": 0.3308606892824173,
    "unitarity_error": 0.0,
    "spectrum_stability": 0.0,
    "evolution_steps": 3,
    "prime_resonant_filtering": true,
    "leech_lattice_embedding": true
  },
  "dcf_validation": {
    "is_valid": true
  },
  "dcf_metadata": {},
  "semantic_analysis": {}
}