{
  "timestamp": "20251011_185624",
  "input_text": "b",
  "task": "text-generation",
  "device": "cpu",
  "status": "success",
  "response": "<unk>",
  "input_length": 1,
  "output_length": 5,
  "processing_time": -2.384185791015625e-07,
  "selected_method": "Linguistic Mapping System",
  "auto_calibration_applied": true,
  "physical_metrics": {
    "fractal_dimension": 2.0,
    "alpha_calibrated": 1.8,
    "beta_calibrated": 1.0,
    "I0_calibrated": 0.1,
    "omega_calibrated": 0.1,
    "k_calibrated": 4.0,
    "FCI": 0.8,
    "consciousness_state": "MEDITATION"
  },
  "mathematical_validation": {
    "energy_conservation_ratio": 1.000000041613045,
    "filtering_conservation": 0.9999998335478176,
    "rotation_conservation": 1.0000002496782725,
    "unitarity_score": 0.999999958386955,
    "numerical_stability": true,
    "validation_passed": true
  },
  "pipeline_steps": [
    "centralized_calibration",
    "text_to_fractal_signal",
    "fractal_dimension_calculation",
    "quaternion_mapping",
    "spectral_filtering",
    "so4_rotation",
    "consciousness_processing",
    "dcf_token_analysis"
  ],
  "dcf_analysis": {
    "fci_value": 0.8,
    "consciousness_state": "LINGUISTIC_MAPPING"
  },
  "spectral_analysis": {
    "fundamental_freq": 0.95,
    "harmonic_ratios": [],
    "spectral_centroid": 0.4900844097137451,
    "spectral_spread": 0.28853660821914673,
    "phase_coherence": 0.08868388086557388,
    "magnitude": [
      0.7578259110450745,
      0.7537441253662109,
      0.7585217356681824,
      0.7643131613731384,
      0.7560747861862183,
      0.7564830780029297,
      0.755316972732544,
      0.7427003383636475,
      0.7580857872962952,
      0.7624773383140564,
      0.7525200247764587,
      0.7542175650596619,
      0.7627406120300293,
      0.7580061554908752,
      0.7374349236488342,
      0.7624410390853882,
      0.7404685616493225,
      0.7618528008460999,
      0.7619020938873291,
      0.7623198628425598,
      0.7575675249099731,
      0.7566063404083252,
      0.760633111000061,
      0.75602126121521,
      0.7623921632766724,
      0.7608984708786011,
      0.7575945854187012,
      0.7563630938529968,
      0.7579657435417175,
      0.7440969944000244,
      0.75969398021698,
      0.7617214918136597,
      0.7584765553474426,
      0.7645659446716309,
      0.7576435208320618,
      0.7564826607704163,
      0.7526412606239319,
      0.7559624314308167,
      0.7595424056053162,
      0.7560279369354248,
      0.7613083124160767,
      0.7540556788444519,
      0.7561855316162109,
      0.7548226714134216,
      0.7619330286979675,
      0.7576013207435608,
      0.7521008253097534,
      0.7578516602516174,
      0.7570825815200806,
      0.7516780495643616
    ],
    "phase": [
      -2.3497426509857178,
      -2.350712537765503,
      -2.356323719024658,
      -2.3754239082336426,
      -2.3483266830444336,
      -2.371885061264038,
      -2.344231367111206,
      -2.3362386226654053,
      -2.3554840087890625,
      -2.3542537689208984,
      -2.3582956790924072,
      -2.3523144721984863,
      -2.366503953933716,
      -2.350105047225952,
      -2.3256587982177734,
      -2.3563156127929688,
      -2.3279194831848145,
      -2.353041410446167,
      -2.3603978157043457,
      -2.3815832138061523,
      -2.3522143363952637,
      -2.3681371212005615,
      -2.3677010536193848,
      -2.3591132164001465,
      -2.365377426147461,
      -2.3634800910949707,
      -2.3653249740600586,
      -2.350043296813965,
      -2.349041223526001,
      -2.336179256439209,
      -2.35129976272583,
      -2.3735599517822266,
      -2.357283353805542,
      -2.368043899536133,
      -2.361720085144043,
      -2.352987289428711,
      -2.347754716873169,
      -2.3534131050109863,
      -2.354154109954834,
      -2.346998929977417,
      -2.3659842014312744,
      -2.3595261573791504,
      -2.3556067943573,
      -2.362445116043091,
      -2.373183488845825,
      -2.3544583320617676,
      -2.349907398223877,
      -2.362534761428833,
      -2.356107234954834,
      -2.344818353652954
    ],
    "f1_frequency": 1411.3372710355025,
    "f2_frequency": 2831.690244629189,
    "f3_frequency": 3974.0408889882715,
    "f1_f2_ratio": 0.4984080704845306,
    "formant_spacing": 1420.3529735936863,
    "spectral_tilt": 0.3544177860021591,
    "unitarity_error": 0.0,
    "spectrum_stability": 0.0,
    "evolution_steps": 3,
    "prime_resonant_filtering": true,
    "leech_lattice_embedding": true
  },
  "dcf_validation": {
    "is_valid": true
  },
  "dcf_metadata": {},
  "semantic_analysis": {}
}