{
  "timestamp": "20251012_000358",
  "input_text": "i",
  "task": "text-generation",
  "device": "cpu",
  "status": "success",
  "response": "in",
  "input_length": 1,
  "output_length": 2,
  "processing_time": -2.384185791015625e-07,
  "selected_method": "Linguistic Mapping System",
  "auto_calibration_applied": true,
  "physical_metrics": {
    "fractal_dimension": 2.0,
    "alpha_calibrated": 1.8,
    "beta_calibrated": 1.0,
    "I0_calibrated": 0.10334645956754684,
    "omega_calibrated": 0.1,
    "k_calibrated": 4.0,
    "FCI": 0.8,
    "consciousness_state": "MEDITATION"
  },
  "mathematical_validation": {
    "energy_conservation_ratio": 0.9999999999999962,
    "filtering_conservation": 0.9999998434165346,
    "rotation_conservation": 1.0000001565834578,
    "unitarity_score": 0.9999999999999962,
    "numerical_stability": true,
    "validation_passed": true
  },
  "pipeline_steps": [
    "centralized_calibration",
    "text_to_fractal_signal",
    "fractal_dimension_calculation",
    "quaternion_mapping",
    "spectral_filtering",
    "so4_rotation",
    "consciousness_processing",
    "dcf_token_analysis"
  ],
  "dcf_analysis": {
    "fci_value": 0.8,
    "consciousness_state": "LINGUISTIC_MAPPING"
  },
  "spectral_analysis": {
    "fundamental_freq": 0.95,
    "harmonic_ratios": [],
    "spectral_centroid": 0.49022406339645386,
    "spectral_spread": 0.2885738015174866,
    "phase_coherence": 0.06434904038906097,
    "magnitude": [
      0.7876628041267395,
      0.7858942747116089,
      0.7679283618927002,
      0.7692921161651611,
      0.7808824777603149,
      0.7751449942588806,
      0.7826236486434937,
      0.78091961145401,
      0.7736400961875916,
      0.7783029079437256,
      0.7738693952560425,
      0.7606977224349976,
      0.7848998308181763,
      0.779849648475647,
      0.7858287692070007,
      0.7798541784286499,
      0.7854377627372742,
      0.7789895534515381,
      0.771032452583313,
      0.7866386771202087,
      0.7818776965141296,
      0.7845548987388611,
      0.7843173742294312,
      0.783934473991394,
      0.7648797631263733,
      0.7831417322158813,
      0.771415650844574,
      0.7766895294189453,
      0.7835921049118042,
      0.7733364105224609,
      0.7716019749641418,
      0.7695112824440002,
      0.7847058773040771,
      0.785435676574707,
      0.7746583223342896,
      0.7763068675994873,
      0.7865563035011292,
      0.7837005853652954,
      0.7852020263671875,
      0.7844409346580505,
      0.7856837511062622,
      0.7826775908470154,
      0.7825242280960083,
      0.7818218469619751,
      0.7764190435409546,
      0.7860735654830933,
      0.7760814428329468,
      0.7798670530319214,
      0.7646065354347229,
      0.7810307741165161
    ],
    "phase": [
      -2.3735599517822266,
      -2.362576484680176,
      -2.3329355716705322,
      -2.3400182723999023,
      -2.361201286315918,
      -2.3444149494171143,
      -2.35935115814209,
      -2.3483643531799316,
      -2.3444480895996094,
      -2.3765292167663574,
      -2.3436665534973145,
      -2.3322417736053467,
      -2.354250431060791,
      -2.3549885749816895,
      -2.3639636039733887,
      -2.3572216033935547,
      -2.359062433242798,
      -2.3440957069396973,
      -2.371428966522217,
      -2.3575563430786133,
      -2.3657751083374023,
      -2.356191396713257,
      -2.3769092559814453,
      -2.359395980834961,
      -2.3422887325286865,
      -2.3654909133911133,
      -2.345620632171631,
      -2.353989839553833,
      -2.3659169673919678,
      -2.34684419631958,
      -2.340900421142578,
      -2.358311176300049,
      -2.3696961402893066,
      -2.361542224884033,
      -2.344519853591919,
      -2.353573799133301,
      -2.376711845397949,
      -2.362119436264038,
      -2.354942798614502,
      -2.3582570552825928,
      -2.363645076751709,
      -2.3490827083587646,
      -2.36181378364563,
      -2.3630495071411133,
      -2.3581342697143555,
      -2.364506721496582,
      -2.3422441482543945,
      -2.3592910766601562,
      -2.3353233337402344,
      -2.3555080890655518
    ],
    "f1_frequency": 1502.3156634772386,
    "f2_frequency": 3009.9536864452148,
    "f3_frequency": 4669.429337029969,
    "f1_f2_ratio": 0.4991158735241167,
    "formant_spacing": 1507.6380229679762,
    "spectral_tilt": 0.3962315246462822,
    "unitarity_error": 0.0,
    "spectrum_stability": 0.0,
    "evolution_steps": 3,
    "prime_resonant_filtering": true,
    "leech_lattice_embedding": true
  },
  "dcf_validation": {
    "is_valid": true
  },
  "dcf_metadata": {},
  "semantic_analysis": {}
}