{
  "timestamp": "20251012_000434",
  "input_text": "v",
  "task": "text-generation",
  "device": "cpu",
  "status": "success",
  "response": "energy",
  "input_length": 1,
  "output_length": 6,
  "processing_time": -2.384185791015625e-07,
  "selected_method": "Linguistic Mapping System",
  "auto_calibration_applied": true,
  "physical_metrics": {
    "fractal_dimension": 2.0,
    "alpha_calibrated": 1.8,
    "beta_calibrated": 1.0,
    "I0_calibrated": 0.11614173650741577,
    "omega_calibrated": 0.1,
    "k_calibrated": 4.0,
    "FCI": 0.8,
    "consciousness_state": "MEDITATION"
  },
  "mathematical_validation": {
    "energy_conservation_ratio": 1.0000000352891925,
    "filtering_conservation": 0.9999999999999856,
    "rotation_conservation": 1.0000000705783996,
    "unitarity_score": 0.9999999647108075,
    "numerical_stability": true,
    "validation_passed": true
  },
  "pipeline_steps": [
    "centralized_calibration",
    "text_to_fractal_signal",
    "fractal_dimension_calculation",
    "quaternion_mapping",
    "spectral_filtering",
    "so4_rotation",
    "consciousness_processing",
    "dcf_token_analysis"
  ],
  "dcf_analysis": {
    "fci_value": 0.8,
    "consciousness_state": "LINGUISTIC_MAPPING"
  },
  "spectral_analysis": {
    "fundamental_freq": 0.95,
    "harmonic_ratios": [],
    "spectral_centroid": 0.49028027057647705,
    "spectral_spread": 0.28854742646217346,
    "phase_coherence": 0.003378162859007716,
    "magnitude": [
      0.8227482438087463,
      0.8210849165916443,
      0.8164413571357727,
      0.8184176683425903,
      0.8200803995132446,
      0.8102573156356812,
      0.8132930994033813,
      0.8279579281806946,
      0.8083828687667847,
      0.8185077905654907,
      0.8183034062385559,
      0.8096463680267334,
      0.8166230916976929,
      0.822955846786499,
      0.8286922574043274,
      0.8287907838821411,
      0.8015912771224976,
      0.8195953369140625,
      0.8138942718505859,
      0.8091855049133301,
      0.826576828956604,
      0.8137843012809753,
      0.8191895484924316,
      0.8197667598724365,
      0.8047537803649902,
      0.8225888609886169,
      0.8183934092521667,
      0.8151916861534119,
      0.8163121938705444,
      0.8187272548675537,
      0.8172972202301025,
      0.8247848153114319,
      0.824130654335022,
      0.8260431289672852,
      0.8281877636909485,
      0.8298593759536743,
      0.8187086582183838,
      0.8158972263336182,
      0.8235077857971191,
      0.8240776062011719,
      0.8260529041290283,
      0.8226157426834106,
      0.816773533821106,
      0.8192586898803711,
      0.8202404975891113,
      0.8285882472991943,
      0.8233532905578613,
      0.8000203371047974,
      0.8093554973602295,
      0.819891095161438
    ],
    "phase": [
      -2.3652074337005615,
      -2.3594939708709717,
      -2.3412294387817383,
      -2.349454164505005,
      -2.3521409034729004,
      -2.3550541400909424,
      -2.3559844493865967,
      -2.368234157562256,
      -2.339611053466797,
      -2.347702741622925,
      -2.367084503173828,
      -2.3379738330841064,
      -2.3613851070404053,
      -2.3678812980651855,
      -2.3767545223236084,
      -2.3677115440368652,
      -2.339031219482422,
      -2.355884552001953,
      -2.361755847930908,
      -2.357025146484375,
      -2.374396800994873,
      -2.3454535007476807,
      -2.360257863998413,
      -2.3603506088256836,
      -2.3476104736328125,
      -2.355586528778076,
      -2.348612070083618,
      -2.3488552570343018,
      -2.364780902862549,
      -2.371140480041504,
      -2.354567050933838,
      -2.35923433303833,
      -2.3597822189331055,
      -2.3676671981811523,
      -2.3594491481781006,
      -2.3618953227996826,
      -2.3754217624664307,
      -2.345449209213257,
      -2.362603187561035,
      -2.3546178340911865,
      -2.374007225036621,
      -2.3651037216186523,
      -2.360109329223633,
      -2.3526597023010254,
      -2.3670575618743896,
      -2.3697683811187744,
      -2.37186336517334,
      -2.3388140201568604,
      -2.3486642837524414,
      -2.353445053100586
    ],
    "f1_frequency": 1452.2162272359117,
    "f2_frequency": 2933.398973711122,
    "f3_frequency": 4426.776775353228,
    "f1_f2_ratio": 0.4950626356150503,
    "formant_spacing": 1481.1827464752103,
    "spectral_tilt": 0.3701532259583473,
    "unitarity_error": 0.0,
    "spectrum_stability": 0.0,
    "evolution_steps": 3,
    "prime_resonant_filtering": true,
    "leech_lattice_embedding": true
  },
  "dcf_validation": {
    "is_valid": true
  },
  "dcf_metadata": {},
  "semantic_analysis": {}
}