{
  "timestamp": "20251012_000335",
  "input_text": "a",
  "task": "text-generation",
  "device": "cpu",
  "status": "success",
  "response": "a",
  "input_length": 1,
  "output_length": 1,
  "processing_time": -2.384185791015625e-07,
  "selected_method": "Linguistic Mapping System",
  "auto_calibration_applied": true,
  "physical_metrics": {
    "fractal_dimension": 2.0,
    "alpha_calibrated": 1.8,
    "beta_calibrated": 1.0,
    "I0_calibrated": 0.1,
    "omega_calibrated": 0.1,
    "k_calibrated": 4.0,
    "FCI": 0.8,
    "consciousness_state": "MEDITATION"
  },
  "mathematical_validation": {
    "energy_conservation_ratio": 1.0000000388225545,
    "filtering_conservation": 1.0000001552902418,
    "rotation_conservation": 0.9999999223548673,
    "unitarity_score": 0.9999999611774455,
    "numerical_stability": true,
    "validation_passed": true
  },
  "pipeline_steps": [
    "centralized_calibration",
    "text_to_fractal_signal",
    "fractal_dimension_calculation",
    "quaternion_mapping",
    "spectral_filtering",
    "so4_rotation",
    "consciousness_processing",
    "dcf_token_analysis"
  ],
  "dcf_analysis": {
    "fci_value": 0.8,
    "consciousness_state": "LINGUISTIC_MAPPING"
  },
  "spectral_analysis": {
    "fundamental_freq": 0.95,
    "harmonic_ratios": [],
    "spectral_centroid": 0.4905494153499603,
    "spectral_spread": 0.2887890934944153,
    "phase_coherence": 0.21339231729507446,
    "magnitude": [
      0.7509340047836304,
      0.7563804388046265,
      0.7466925382614136,
      0.7580263614654541,
      0.7535115480422974,
      0.7578008770942688,
      0.7557561993598938,
      0.7535979151725769,
      0.7590649724006653,
      0.7566559314727783,
      0.7462069988250732,
      0.7477595210075378,
      0.7578256726264954,
      0.7472262978553772,
      0.7560609579086304,
      0.7562054991722107,
      0.7570225596427917,
      0.748483419418335,
      0.7570774555206299,
      0.7518000602722168,
      0.7539399266242981,
      0.7449904680252075,
      0.7511919736862183,
      0.7586023807525635,
      0.7535260915756226,
      0.754413366317749,
      0.7515820264816284,
      0.7546991109848022,
      0.750031590461731,
      0.7548234462738037,
      0.7562247514724731,
      0.7380453944206238,
      0.7561247944831848,
      0.7528740167617798,
      0.7486769556999207,
      0.7533122897148132,
      0.750573456287384,
      0.7545443773269653,
      0.7520527243614197,
      0.7564436197280884,
      0.7490381002426147,
      0.7552143335342407,
      0.7613499164581299,
      0.7604674696922302,
      0.7518704533576965,
      0.7536802291870117,
      0.7579962015151978,
      0.7515372037887573,
      0.7550755143165588,
      0.7543461322784424,
      0.7546142339706421,
      0.760086178779602
    ],
    "phase": [
      -2.351231575012207,
      -2.365870714187622,
      -2.341705322265625,
      -2.362753391265869,
      -2.347761392593384,
      -2.3576595783233643,
      -2.364511013031006,
      -2.3638882637023926,
      -2.3682987689971924,
      -2.358095407485962,
      -2.347141742706299,
      -2.3487820625305176,
      -2.3695826530456543,
      -2.3517866134643555,
      -2.364163637161255,
      -2.3543076515197754,
      -2.357268810272217,
      -2.347914218902588,
      -2.352200746536255,
      -2.353086471557617,
      -2.3590476512908936,
      -2.348736047744751,
      -2.347963333129883,
      -2.3629465103149414,
      -2.3482933044433594,
      -2.3542466163635254,
      -2.3452963829040527,
      -2.3726348876953125,
      -2.3476712703704834,
      -2.365281343460083,
      -2.3706657886505127,
      -2.3278586864471436,
      -2.3576717376708984,
      -2.3542261123657227,
      -2.343656063079834,
      -2.3491623401641846,
      -2.3627610206604004,
      -2.3601090908050537,
      -2.350172758102417,
      -2.3668432235717773,
      -2.3467001914978027,
      -2.353726863861084,
      -2.3609414100646973,
      -2.3579719066619873,
      -2.347522258758545,
      -2.3482611179351807,
      -2.3805623054504395,
      -2.360241413116455,
      -2.3708624839782715,
      -2.3689169883728027,
      -2.3516287803649902,
      -2.363229990005493
    ],
    "f1_frequency": 1476.1189576672082,
    "f2_frequency": 2795.0550002473638,
    "f3_frequency": 3912.882262452659,
    "f1_f2_ratio": 0.5281180361519079,
    "formant_spacing": 1318.9360425801556,
    "spectral_tilt": 0.01898978720419109,
    "unitarity_error": 0.0,
    "spectrum_stability": 0.0,
    "evolution_steps": 3,
    "prime_resonant_filtering": true,
    "leech_lattice_embedding": true
  },
  "dcf_validation": {
    "is_valid": true
  },
  "dcf_metadata": {},
  "semantic_analysis": {}
}