{
  "timestamp": "20251012_081746",
  "input_text": "A",
  "task": "text-generation",
  "device": "cpu",
  "status": "success",
  "response": "The",
  "input_length": 1,
  "output_length": 3,
  "processing_time": -2.384185791015625e-07,
  "selected_method": "Linguistic Mapping System",
  "auto_calibration_applied": true,
  "physical_metrics": {
    "fractal_dimension": 2.0,
    "alpha_calibrated": 1.8,
    "beta_calibrated": 1.0,
    "I0_calibrated": 0.1,
    "omega_calibrated": 0.1,
    "k_calibrated": 4.0,
    "FCI": 0.8,
    "consciousness_state": "MEDITATION"
  },
  "mathematical_validation": {
    "energy_conservation_ratio": 0.9999999999999838,
    "filtering_conservation": 0.9999998927626601,
    "rotation_conservation": 1.0000001072373075,
    "unitarity_score": 0.9999999999999838,
    "numerical_stability": true,
    "validation_passed": true
  },
  "pipeline_steps": [
    "centralized_calibration",
    "text_to_fractal_signal",
    "fractal_dimension_calculation",
    "quaternion_mapping",
    "spectral_filtering",
    "so4_rotation",
    "consciousness_processing",
    "dcf_token_analysis"
  ],
  "dcf_analysis": {
    "fci_value": 0.8,
    "consciousness_state": "LINGUISTIC_MAPPING"
  },
  "spectral_analysis": {
    "fundamental_freq": 0.95,
    "harmonic_ratios": [],
    "spectral_centroid": 0.49020883440971375,
    "spectral_spread": 0.28871819376945496,
    "phase_coherence": 0.06750171631574631,
    "magnitude": [
      0.6471091508865356,
      0.6426280736923218,
      0.6435892581939697,
      0.6407434940338135,
      0.6449999213218689,
      0.64577716588974,
      0.6473400592803955,
      0.6433956623077393,
      0.6476131081581116,
      0.6444463133811951,
      0.6434022784233093,
      0.64701247215271,
      0.6440100073814392,
      0.6474709510803223,
      0.6454947590827942,
      0.6409910321235657,
      0.6436602473258972,
      0.64494788646698,
      0.6460869312286377,
      0.6460751295089722,
      0.6471662521362305,
      0.6388704180717468,
      0.645792543888092,
      0.6388866901397705,
      0.6463411450386047,
      0.6419686079025269,
      0.6476148366928101,
      0.6453915238380432,
      0.6438429355621338,
      0.6397853493690491,
      0.6437221169471741,
      0.6432832479476929,
      0.6398053169250488,
      0.6408408880233765,
      0.6444377899169922,
      0.6412226557731628,
      0.6427065134048462,
      0.645056962966919,
      0.6431804895401001,
      0.641365647315979,
      0.636444628238678,
      0.6448671221733093,
      0.6449648141860962,
      0.6441800594329834,
      0.6460611820220947,
      0.6417796015739441,
      0.6471086740493774,
      0.6464298963546753,
      0.6411513090133667,
      0.6468611359596252,
      0.6421012282371521,
      0.6468964219093323
    ],
    "phase": [
      -2.3601667881011963,
      -2.359316825866699,
      -2.353475570678711,
      -2.3521742820739746,
      -2.3651390075683594,
      -2.3542470932006836,
      -2.363882064819336,
      -2.3548827171325684,
      -2.359236478805542,
      -2.3516530990600586,
      -2.3497447967529297,
      -2.356588840484619,
      -2.354729175567627,
      -2.3714208602905273,
      -2.3656129837036133,
      -2.349411725997925,
      -2.3550806045532227,
      -2.355191946029663,
      -2.3701462745666504,
      -2.355459690093994,
      -2.3683321475982666,
      -2.344398021697998,
      -2.3571722507476807,
      -2.3523738384246826,
      -2.357267379760742,
      -2.358861207962036,
      -2.3621978759765625,
      -2.3577561378479004,
      -2.3580870628356934,
      -2.3483710289001465,
      -2.352687120437622,
      -2.3587310314178467,
      -2.3542611598968506,
      -2.3475401401519775,
      -2.357546329498291,
      -2.360488176345825,
      -2.3493289947509766,
      -2.362521171569824,
      -2.3526172637939453,
      -2.347404718399048,
      -2.3392114639282227,
      -2.3618781566619873,
      -2.358844518661499,
      -2.364790201187134,
      -2.3561840057373047,
      -2.354274272918701,
      -2.365799903869629,
      -2.367187976837158,
      -2.3508012294769287,
      -2.360382318496704,
      -2.3538036346435547,
      -2.358351469039917
    ],
    "f1_frequency": 1437.6100926837246,
    "f2_frequency": 2863.133688898452,
    "f3_frequency": 4230.448786206881,
    "f1_f2_ratio": 0.5021107111616655,
    "formant_spacing": 1425.5235962147274,
    "spectral_tilt": -0.012240847572684288,
    "unitarity_error": 0.0,
    "spectrum_stability": 0.0,
    "evolution_steps": 3,
    "prime_resonant_filtering": true,
    "leech_lattice_embedding": true
  },
  "dcf_validation": {
    "is_valid": true
  },
  "dcf_metadata": {},
  "semantic_analysis": {}
}