{
  "timestamp": "20251011_185259",
  "input_text": "h",
  "task": "text-generation",
  "device": "cpu",
  "status": "success",
  "response": "it",
  "input_length": 1,
  "output_length": 2,
  "processing_time": -2.384185791015625e-07,
  "selected_method": "Linguistic Mapping System",
  "auto_calibration_applied": true,
  "physical_metrics": {
    "fractal_dimension": 2.0,
    "alpha_calibrated": 1.8,
    "beta_calibrated": 1.0,
    "I0_calibrated": 0.10236220061779022,
    "omega_calibrated": 0.1,
    "k_calibrated": 4.0,
    "FCI": 0.8,
    "consciousness_state": "MEDITATION"
  },
  "mathematical_validation": {
    "energy_conservation_ratio": 1.0000000789606187,
    "filtering_conservation": 1.000000552723664,
    "rotation_conservation": 0.9999996051975734,
    "unitarity_score": 0.9999999210393813,
    "numerical_stability": true,
    "validation_passed": true
  },
  "pipeline_steps": [
    "centralized_calibration",
    "text_to_fractal_signal",
    "fractal_dimension_calculation",
    "quaternion_mapping",
    "spectral_filtering",
    "so4_rotation",
    "consciousness_processing",
    "dcf_token_analysis"
  ],
  "dcf_analysis": {
    "fci_value": 0.8,
    "consciousness_state": "LINGUISTIC_MAPPING"
  },
  "spectral_analysis": {
    "fundamental_freq": 0.95,
    "harmonic_ratios": [],
    "spectral_centroid": 0.490414023399353,
    "spectral_spread": 0.28868645429611206,
    "phase_coherence": 0.1577945053577423,
    "magnitude": [
      0.7718186974525452,
      0.7727500796318054,
      0.7836920619010925,
      0.7803657054901123,
      0.7748032212257385,
      0.769909143447876,
      0.7625435590744019,
      0.780537486076355,
      0.7801183462142944,
      0.7666735649108887,
      0.7792315483093262,
      0.7796701192855835,
      0.7767865061759949,
      0.7730733752250671,
      0.7775054574012756,
      0.7781009078025818,
      0.7692222595214844,
      0.7737062573432922,
      0.7841476798057556,
      0.7763668298721313,
      0.7668731808662415,
      0.7797937989234924,
      0.777774453163147,
      0.7804603576660156,
      0.7720907926559448,
      0.775178849697113,
      0.7798763513565063,
      0.7719002962112427,
      0.7751052379608154,
      0.7713759541511536,
      0.7821248769760132,
      0.78347247838974,
      0.7639211416244507,
      0.78436279296875,
      0.7769079208374023,
      0.771771252155304,
      0.772941529750824,
      0.7767700552940369,
      0.7750077247619629,
      0.7750542759895325,
      0.778501033782959,
      0.7827655076980591,
      0.7830114960670471,
      0.7756801247596741,
      0.7763814926147461,
      0.7810263633728027,
      0.7811368107795715,
      0.773526668548584,
      0.7828781604766846,
      0.7773288488388062
    ],
    "phase": [
      -2.3513388633728027,
      -2.3513803482055664,
      -2.357954740524292,
      -2.380347728729248,
      -2.3519773483276367,
      -2.3574938774108887,
      -2.338912010192871,
      -2.358696937561035,
      -2.3592965602874756,
      -2.3426454067230225,
      -2.3754305839538574,
      -2.3509247303009033,
      -2.3564133644104004,
      -2.3528895378112793,
      -2.3639793395996094,
      -2.3720006942749023,
      -2.3470702171325684,
      -2.3488054275512695,
      -2.3765103816986084,
      -2.355963945388794,
      -2.3573038578033447,
      -2.357248306274414,
      -2.3516430854797363,
      -2.3555960655212402,
      -2.3443245887756348,
      -2.3575193881988525,
      -2.3573386669158936,
      -2.3523612022399902,
      -2.3580052852630615,
      -2.3506808280944824,
      -2.3540728092193604,
      -2.3630027770996094,
      -2.337409496307373,
      -2.36860990524292,
      -2.3610587120056152,
      -2.3458995819091797,
      -2.349269151687622,
      -2.360020160675049,
      -2.376878023147583,
      -2.353987455368042,
      -2.368307113647461,
      -2.3721580505371094,
      -2.3577332496643066,
      -2.361011505126953,
      -2.349118709564209,
      -2.36299467086792,
      -2.381155490875244,
      -2.357412099838257,
      -2.3584208488464355,
      -2.356353759765625
    ],
    "f1_frequency": 1395.219785309865,
    "f2_frequency": 2734.976431090485,
    "f3_frequency": 4198.315612152041,
    "f1_f2_ratio": 0.5101396010032764,
    "formant_spacing": 1339.7566457806201,
    "spectral_tilt": 0.38335133343935013,
    "unitarity_error": 0.0,
    "spectrum_stability": 0.0,
    "evolution_steps": 3,
    "prime_resonant_filtering": true,
    "leech_lattice_embedding": true
  },
  "dcf_validation": {
    "is_valid": true
  },
  "dcf_metadata": {},
  "semantic_analysis": {}
}