{
  "timestamp": "20251014_001206",
  "input_text": "hello",
  "physical_metrics": {
    "fractal_dimension": 1.9278062283992767,
    "alpha_calibrated": 1.7495015144348145,
    "beta_calibrated": 0.968438446521759,
    "I0_calibrated": 0.21482336521148682,
    "omega_calibrated": 0.1,
    "k_calibrated": 3.873753786087036,
    "FCI": 0.8,
    "consciousness_state": "MEDITATION"
  },
  "mathematical_validation": {
    "energy_conservation_ratio": 0.00802040142244285,
    "filtering_conservation": 0.014895524149092974,
    "rotation_conservation": 0.001145278695792725,
    "unitarity_score": 0.008020401422442869,
    "numerical_stability": true,
    "validation_passed": false
  },
  "dcf_metadata": {}
}