{
  "timestamp": "20251012_000731",
  "input_text": "p",
  "task": "text-generation",
  "device": "cpu",
  "status": "success",
  "response": "parameter",
  "input_length": 1,
  "output_length": 9,
  "processing_time": -2.384185791015625e-07,
  "selected_method": "Linguistic Mapping System",
  "auto_calibration_applied": true,
  "physical_metrics": {
    "fractal_dimension": 2.0,
    "alpha_calibrated": 1.8,
    "beta_calibrated": 1.0,
    "I0_calibrated": 0.11023622006177902,
    "omega_calibrated": 0.1,
    "k_calibrated": 4.0,
    "FCI": 0.8,
    "consciousness_state": "MEDITATION"
  },
  "mathematical_validation": {
    "energy_conservation_ratio": 1.0000000369611448,
    "filtering_conservation": 0.9999999999999849,
    "rotation_conservation": 1.0000000739223047,
    "unitarity_score": 0.9999999630388552,
    "numerical_stability": true,
    "validation_passed": true
  },
  "pipeline_steps": [
    "centralized_calibration",
    "text_to_fractal_signal",
    "fractal_dimension_calculation",
    "quaternion_mapping",
    "spectral_filtering",
    "so4_rotation",
    "consciousness_processing",
    "dcf_token_analysis"
  ],
  "dcf_analysis": {
    "fci_value": 0.8,
    "consciousness_state": "LINGUISTIC_MAPPING"
  },
  "spectral_analysis": {
    "fundamental_freq": 0.95,
    "harmonic_ratios": [],
    "spectral_centroid": 0.4895285367965698,
    "spectral_spread": 0.28842228651046753,
    "phase_coherence": 0.22783513367176056,
    "magnitude": [
      0.8003950119018555,
      0.8000025749206543,
      0.8039698600769043,
      0.7989461421966553,
      0.8063747882843018,
      0.8053637742996216,
      0.8116019368171692,
      0.7969939112663269,
      0.7916164994239807,
      0.8052539229393005,
      0.8079264760017395,
      0.80539870262146,
      0.7890112400054932,
      0.8031120300292969,
      0.7967958450317383,
      0.7975518703460693,
      0.804563045501709,
      0.8055872917175293,
      0.7991613745689392,
      0.7985482215881348,
      0.808781623840332,
      0.8066257238388062,
      0.7980870008468628,
      0.8056070804595947,
      0.7996010184288025,
      0.7960219383239746,
      0.8065539002418518,
      0.8062430024147034,
      0.8062450885772705,
      0.7990936636924744,
      0.8069213032722473,
      0.8015377521514893,
      0.8019163608551025,
      0.798064112663269,
      0.8029453754425049,
      0.8095707893371582,
      0.801785945892334,
      0.7966254949569702,
      0.7988499402999878,
      0.7979810833930969,
      0.7771927714347839,
      0.8089820146560669,
      0.7986701130867004,
      0.8049513697624207,
      0.800822377204895,
      0.8040882349014282,
      0.8025888204574585,
      0.7932218313217163,
      0.7989946603775024,
      0.7854602336883545
    ],
    "phase": [
      -2.365083694458008,
      -2.350944995880127,
      -2.3535549640655518,
      -2.355242967605591,
      -2.361574649810791,
      -2.355358839035034,
      -2.3845720291137695,
      -2.3414053916931152,
      -2.342714786529541,
      -2.361268997192383,
      -2.36403751373291,
      -2.3674211502075195,
      -2.3359923362731934,
      -2.3661327362060547,
      -2.363274097442627,
      -2.3474059104919434,
      -2.3682522773742676,
      -2.3562774658203125,
      -2.367762565612793,
      -2.356613874435425,
      -2.3834316730499268,
      -2.3654417991638184,
      -2.346771717071533,
      -2.3591694831848145,
      -2.3473939895629883,
      -2.345503807067871,
      -2.3604328632354736,
      -2.3549866676330566,
      -2.368828296661377,
      -2.3530802726745605,
      -2.36615252494812,
      -2.3581795692443848,
      -2.355119466781616,
      -2.351362466812134,
      -2.3521876335144043,
      -2.377762794494629,
      -2.3573639392852783,
      -2.3512775897979736,
      -2.351127862930298,
      -2.3536124229431152,
      -2.327859401702881,
      -2.372241973876953,
      -2.359611749649048,
      -2.3525333404541016,
      -2.3773841857910156,
      -2.3514606952667236,
      -2.3502798080444336,
      -2.347740888595581,
      -2.3663110733032227,
      -2.3400352001190186
    ],
    "f1_frequency": 1368.9114891354743,
    "f2_frequency": 2809.689540419686,
    "f3_frequency": 4321.229681044642,
    "f1_f2_ratio": 0.4872109425054124,
    "formant_spacing": 1440.7780512842119,
    "spectral_tilt": 0.2909106947481632,
    "unitarity_error": 0.0,
    "spectrum_stability": 0.0,
    "evolution_steps": 3,
    "prime_resonant_filtering": true,
    "leech_lattice_embedding": true
  },
  "dcf_validation": {
    "is_valid": true
  },
  "dcf_metadata": {},
  "semantic_analysis": {}
}