{
  "timestamp": "20251012_000420",
  "input_text": "q",
  "task": "text-generation",
  "device": "cpu",
  "status": "success",
  "response": "quaternionic",
  "input_length": 1,
  "output_length": 12,
  "processing_time": -2.384185791015625e-07,
  "selected_method": "Linguistic Mapping System",
  "auto_calibration_applied": true,
  "physical_metrics": {
    "fractal_dimension": 2.0,
    "alpha_calibrated": 1.8,
    "beta_calibrated": 1.0,
    "I0_calibrated": 0.11122046411037445,
    "omega_calibrated": 0.1,
    "k_calibrated": 4.0,
    "FCI": 0.8,
    "consciousness_state": "MEDITATION"
  },
  "mathematical_validation": {
    "energy_conservation_ratio": 1.0000000366702406,
    "filtering_conservation": 1.0000002200214224,
    "rotation_conservation": 0.9999998533190589,
    "unitarity_score": 0.9999999633297594,
    "numerical_stability": true,
    "validation_passed": true
  },
  "pipeline_steps": [
    "centralized_calibration",
    "text_to_fractal_signal",
    "fractal_dimension_calculation",
    "quaternion_mapping",
    "spectral_filtering",
    "so4_rotation",
    "consciousness_processing",
    "dcf_token_analysis"
  ],
  "dcf_analysis": {
    "fci_value": 0.8,
    "consciousness_state": "LINGUISTIC_MAPPING"
  },
  "spectral_analysis": {
    "fundamental_freq": 0.95,
    "harmonic_ratios": [],
    "spectral_centroid": 0.4902639389038086,
    "spectral_spread": 0.2888193428516388,
    "phase_coherence": 0.07429073750972748,
    "magnitude": [
      0.8014999032020569,
      0.8095350861549377,
      0.8107107877731323,
      0.8141800165176392,
      0.798103928565979,
      0.8011194467544556,
      0.8087345361709595,
      0.7901087999343872,
      0.7891286015510559,
      0.7922009229660034,
      0.808260977268219,
      0.7837770581245422,
      0.7973272800445557,
      0.7975661158561707,
      0.7946594953536987,
      0.7969551086425781,
      0.8059874176979065,
      0.7929469347000122,
      0.8037381172180176,
      0.8126417398452759,
      0.7939788103103638,
      0.8036326169967651,
      0.7956509590148926,
      0.802190899848938,
      0.8110715746879578,
      0.7967873811721802,
      0.8044968843460083,
      0.8051021099090576,
      0.8006349802017212,
      0.8080831170082092,
      0.8058123588562012,
      0.8020344376564026,
      0.8055239915847778,
      0.7975449562072754,
      0.8102014660835266,
      0.7900623083114624,
      0.7757848501205444,
      0.8045864105224609,
      0.8065571188926697,
      0.8057373762130737,
      0.8067513704299927,
      0.8014019727706909,
      0.8024961948394775,
      0.8032066226005554,
      0.8076961040496826,
      0.8033284544944763,
      0.8007730841636658,
      0.7974571585655212,
      0.8077015280723572,
      0.8074144721031189
    ],
    "phase": [
      -2.348966598510742,
      -2.368938446044922,
      -2.356818675994873,
      -2.36384654045105,
      -2.351877212524414,
      -2.3537144660949707,
      -2.3737659454345703,
      -2.327831745147705,
      -2.3531367778778076,
      -2.3423852920532227,
      -2.371488332748413,
      -2.3437399864196777,
      -2.3526344299316406,
      -2.344069480895996,
      -2.3449440002441406,
      -2.350499391555786,
      -2.3511157035827637,
      -2.358915328979492,
      -2.3612003326416016,
      -2.3616976737976074,
      -2.342909574508667,
      -2.3600447177886963,
      -2.348053216934204,
      -2.359316825866699,
      -2.3965229988098145,
      -2.3429861068725586,
      -2.379646062850952,
      -2.358215808868408,
      -2.367410659790039,
      -2.360269546508789,
      -2.348731517791748,
      -2.3609538078308105,
      -2.3589046001434326,
      -2.3516292572021484,
      -2.3881216049194336,
      -2.3375768661499023,
      -2.3081979751586914,
      -2.3549110889434814,
      -2.360651969909668,
      -2.3668365478515625,
      -2.356815814971924,
      -2.3573408126831055,
      -2.3762450218200684,
      -2.3679697513580322,
      -2.363849639892578,
      -2.348480463027954,
      -2.3415660858154297,
      -2.352633476257324,
      -2.3690366744995117,
      -2.3562965393066406
    ],
    "f1_frequency": 1502.4171520333343,
    "f2_frequency": 3052.8566107479346,
    "f3_frequency": 4704.2997577576525,
    "f1_f2_ratio": 0.4921348571511355,
    "formant_spacing": 1550.4394587146003,
    "spectral_tilt": 0.38631219416856766,
    "unitarity_error": 0.0,
    "spectrum_stability": 0.0,
    "evolution_steps": 3,
    "prime_resonant_filtering": true,
    "leech_lattice_embedding": true
  },
  "dcf_validation": {
    "is_valid": true
  },
  "dcf_metadata": {},
  "semantic_analysis": {}
}