{
  "timestamp": "20251012_000406",
  "input_text": "l",
  "task": "text-generation",
  "device": "cpu",
  "status": "success",
  "response": "the",
  "input_length": 1,
  "output_length": 3,
  "processing_time": -2.384185791015625e-07,
  "selected_method": "Linguistic Mapping System",
  "auto_calibration_applied": true,
  "physical_metrics": {
    "fractal_dimension": 2.0,
    "alpha_calibrated": 1.8,
    "beta_calibrated": 1.0,
    "I0_calibrated": 0.10629920661449432,
    "omega_calibrated": 0.1,
    "k_calibrated": 4.0,
    "FCI": 0.8,
    "consciousness_state": "MEDITATION"
  },
  "mathematical_validation": {
    "energy_conservation_ratio": 1.0000000763537324,
    "filtering_conservation": 1.0000001527074807,
    "rotation_conservation": 0.9999999999999843,
    "unitarity_score": 0.9999999236462676,
    "numerical_stability": true,
    "validation_passed": true
  },
  "pipeline_steps": [
    "centralized_calibration",
    "text_to_fractal_signal",
    "fractal_dimension_calculation",
    "quaternion_mapping",
    "spectral_filtering",
    "so4_rotation",
    "consciousness_processing",
    "dcf_token_analysis"
  ],
  "dcf_analysis": {
    "fci_value": 0.8,
    "consciousness_state": "LINGUISTIC_MAPPING"
  },
  "spectral_analysis": {
    "fundamental_freq": 0.95,
    "harmonic_ratios": [],
    "spectral_centroid": 0.48989295959472656,
    "spectral_spread": 0.28848734498023987,
    "phase_coherence": 0.046948447823524475,
    "magnitude": [
      0.7904228568077087,
      0.7882022857666016,
      0.7958036661148071,
      0.7903541922569275,
      0.7823234796524048,
      0.7908271551132202,
      0.7923161387443542,
      0.7843989133834839,
      0.7838321924209595,
      0.7820760011672974,
      0.7937812805175781,
      0.7930476665496826,
      0.7762542963027954,
      0.7837815284729004,
      0.7878555655479431,
      0.7846838235855103,
      0.7920131683349609,
      0.7915645241737366,
      0.78912353515625,
      0.7882183194160461,
      0.7808570861816406,
      0.7842823266983032,
      0.787885844707489,
      0.7871932983398438,
      0.791932225227356,
      0.7975543141365051,
      0.7966116070747375,
      0.7789972424507141,
      0.7924545407295227,
      0.7898620367050171,
      0.7954680323600769,
      0.7796350717544556,
      0.7912864089012146,
      0.7952104806900024,
      0.7892404794692993,
      0.7910868525505066,
      0.7900991439819336,
      0.7925269603729248,
      0.7943525910377502,
      0.7801127433776855,
      0.7893137335777283,
      0.7966022491455078,
      0.7788951396942139,
      0.7901105880737305,
      0.7863101959228516,
      0.7852691411972046,
      0.7893079519271851,
      0.791546106338501,
      0.7818709015846252,
      0.7764724493026733
    ],
    "phase": [
      -2.3528170585632324,
      -2.362436532974243,
      -2.356344699859619,
      -2.367187738418579,
      -2.3791754245758057,
      -2.363302230834961,
      -2.362818479537964,
      -2.359513521194458,
      -2.3401925563812256,
      -2.3434042930603027,
      -2.363349199295044,
      -2.361176013946533,
      -2.3378396034240723,
      -2.352602958679199,
      -2.3540453910827637,
      -2.362694263458252,
      -2.357856273651123,
      -2.371990203857422,
      -2.355736017227173,
      -2.365386962890625,
      -2.3407411575317383,
      -2.3495805263519287,
      -2.351191520690918,
      -2.347475051879883,
      -2.363722801208496,
      -2.3610939979553223,
      -2.3645830154418945,
      -2.336944103240967,
      -2.359545946121216,
      -2.3563921451568604,
      -2.362938404083252,
      -2.3612077236175537,
      -2.3636956214904785,
      -2.3609580993652344,
      -2.3835577964782715,
      -2.3493762016296387,
      -2.3691883087158203,
      -2.3576626777648926,
      -2.3597967624664307,
      -2.339520215988159,
      -2.3589625358581543,
      -2.367238998413086,
      -2.340885877609253,
      -2.3764522075653076,
      -2.350121021270752,
      -2.3526177406311035,
      -2.356998920440674,
      -2.3612403869628906,
      -2.3434176445007324,
      -2.343019962310791
    ],
    "f1_frequency": 1358.0338304241598,
    "f2_frequency": 2738.0525273688863,
    "f3_frequency": 4123.12235534366,
    "f1_f2_ratio": 0.4959853095766404,
    "formant_spacing": 1380.0186969447266,
    "spectral_tilt": 0.32768651843070984,
    "unitarity_error": 0.0,
    "spectrum_stability": 0.0,
    "evolution_steps": 3,
    "prime_resonant_filtering": true,
    "leech_lattice_embedding": true
  },
  "dcf_validation": {
    "is_valid": true
  },
  "dcf_metadata": {},
  "semantic_analysis": {}
}