{
  "timestamp": "20251017_101808",
  "input_text": "what color is the sky?",
  "physical_metrics": {
    "fractal_dimension": 2.0,
    "alpha_calibrated": 1.6579286575317385,
    "beta_calibrated": 0.9112054109573364,
    "I0_calibrated": 0.4221096336841583,
    "omega_calibrated": 0.39269908169872414,
    "k_calibrated": 3.6448216438293457,
    "FCI": 0.8,
    "consciousness_state": "MEDITATION"
  },
  "mathematical_validation": {
    "energy_conservation_ratio": 0.002284045851089024,
    "filtering_conservation": 0.002255906036440507,
    "rotation_conservation": 0.0023121856657375406,
    "unitarity_score": 0.0022840458510889894,
    "numerical_stability": true,
    "validation_passed": false
  },
  "dcf_metadata": {}
}