{
  "timestamp": "20251015_094307",
  "input_text": "Hello",
  "physical_metrics": {
    "fractal_dimension": 1.9098355770111084,
    "alpha_calibrated": 1.7619955778121947,
    "beta_calibrated": 0.9762472361326218,
    "I0_calibrated": 0.20634892582893372,
    "omega_calibrated": 0.1,
    "k_calibrated": 3.904988944530487,
    "FCI": 0.8,
    "consciousness_state": "MEDITATION"
  },
  "mathematical_validation": {
    "energy_conservation_ratio": 0.001231948326719832,
    "filtering_conservation": 0.00122255371981279,
    "rotation_conservation": 0.001241342933626874,
    "unitarity_score": 0.0012319483267198006,
    "numerical_stability": true,
    "validation_passed": false
  },
  "dcf_metadata": {}
}