{
  "timestamp": "20251011_232712",
  "input_text": "d",
  "task": "text-generation",
  "device": "cpu",
  "status": "success",
  "response": "domain",
  "input_length": 1,
  "output_length": 6,
  "processing_time": -2.384185791015625e-07,
  "selected_method": "Linguistic Mapping System",
  "auto_calibration_applied": true,
  "physical_metrics": {
    "fractal_dimension": 2.0,
    "alpha_calibrated": 1.8,
    "beta_calibrated": 1.0,
    "I0_calibrated": 0.1,
    "omega_calibrated": 0.1,
    "k_calibrated": 4.0,
    "FCI": 0.8,
    "consciousness_state": "MEDITATION"
  },
  "mathematical_validation": {
    "energy_conservation_ratio": 1.0000001226321837,
    "filtering_conservation": 1.0000004087738734,
    "rotation_conservation": 0.9999998364904941,
    "unitarity_score": 0.9999998773678163,
    "numerical_stability": true,
    "validation_passed": true
  },
  "pipeline_steps": [
    "centralized_calibration",
    "text_to_fractal_signal",
    "fractal_dimension_calculation",
    "quaternion_mapping",
    "spectral_filtering",
    "so4_rotation",
    "consciousness_processing",
    "dcf_token_analysis"
  ],
  "dcf_analysis": {
    "fci_value": 0.8,
    "consciousness_state": "LINGUISTIC_MAPPING"
  },
  "spectral_analysis": {
    "fundamental_freq": 0.95,
    "harmonic_ratios": [],
    "spectral_centroid": 0.49021661281585693,
    "spectral_spread": 0.2885047495365143,
    "phase_coherence": 0.06496194005012512,
    "magnitude": [
      0.7545819282531738,
      0.7692924737930298,
      0.7596564292907715,
      0.7646546363830566,
      0.7679157257080078,
      0.7662472724914551,
      0.7662292122840881,
      0.7479602098464966,
      0.7638183236122131,
      0.7575463056564331,
      0.7600534558296204,
      0.7717056274414062,
      0.7625737190246582,
      0.7673656940460205,
      0.7682533264160156,
      0.767661452293396,
      0.7597994208335876,
      0.7690579295158386,
      0.7574136257171631,
      0.7506009936332703,
      0.7680002450942993,
      0.7674429416656494,
      0.7647099494934082,
      0.7657586932182312,
      0.7716191411018372,
      0.7689084410667419,
      0.7564043998718262,
      0.764268696308136,
      0.761040985584259,
      0.7646661400794983,
      0.7660189867019653,
      0.7692333459854126,
      0.7701411247253418,
      0.7716167569160461,
      0.769007682800293,
      0.7523486614227295,
      0.7653980851173401,
      0.7658963203430176,
      0.7690752744674683,
      0.7604261040687561,
      0.7611929178237915,
      0.7676210999488831,
      0.7533893585205078,
      0.7646814584732056,
      0.7673842310905457,
      0.7678455710411072,
      0.7622835636138916,
      0.7558996677398682,
      0.7676883339881897,
      0.7680367231369019
    ],
    "phase": [
      -2.3399391174316406,
      -2.361905097961426,
      -2.346834659576416,
      -2.3589048385620117,
      -2.3660640716552734,
      -2.377377510070801,
      -2.361158847808838,
      -2.3356990814208984,
      -2.351356029510498,
      -2.356049060821533,
      -2.360415458679199,
      -2.3624491691589355,
      -2.349860668182373,
      -2.3585894107818604,
      -2.358978748321533,
      -2.3725218772888184,
      -2.348017454147339,
      -2.3738603591918945,
      -2.3444576263427734,
      -2.337190866470337,
      -2.3726682662963867,
      -2.37330961227417,
      -2.364183187484741,
      -2.3611748218536377,
      -2.3773419857025146,
      -2.354418992996216,
      -2.343740940093994,
      -2.3749732971191406,
      -2.35591983795166,
      -2.3570761680603027,
      -2.3561694622039795,
      -2.3629603385925293,
      -2.38006591796875,
      -2.3651223182678223,
      -2.360748529434204,
      -2.334623098373413,
      -2.357713222503662,
      -2.3747525215148926,
      -2.370389461517334,
      -2.3457632064819336,
      -2.3688361644744873,
      -2.357494354248047,
      -2.3467836380004883,
      -2.3686623573303223,
      -2.3590266704559326,
      -2.3573946952819824,
      -2.3568315505981445,
      -2.3539929389953613,
      -2.388552188873291,
      -2.360417604446411
    ],
    "f1_frequency": 1342.4927930536692,
    "f2_frequency": 2748.980723462964,
    "f3_frequency": 4058.6823120827885,
    "f1_f2_ratio": 0.48836020623763976,
    "formant_spacing": 1406.4879304092947,
    "spectral_tilt": 0.36436256021261215,
    "unitarity_error": 0.0,
    "spectrum_stability": 0.0,
    "evolution_steps": 3,
    "prime_resonant_filtering": true,
    "leech_lattice_embedding": true
  },
  "dcf_validation": {
    "is_valid": true
  },
  "dcf_metadata": {},
  "semantic_analysis": {}
}