{
  "timestamp": "20251011_232726",
  "input_text": "a",
  "task": "text-generation",
  "device": "cpu",
  "status": "success",
  "response": "a",
  "input_length": 1,
  "output_length": 1,
  "processing_time": -2.384185791015625e-07,
  "selected_method": "Linguistic Mapping System",
  "auto_calibration_applied": true,
  "physical_metrics": {
    "fractal_dimension": 2.0,
    "alpha_calibrated": 1.8,
    "beta_calibrated": 1.0,
    "I0_calibrated": 0.1,
    "omega_calibrated": 0.1,
    "k_calibrated": 4.0,
    "FCI": 0.8,
    "consciousness_state": "MEDITATION"
  },
  "mathematical_validation": {
    "energy_conservation_ratio": 1.000000077645113,
    "filtering_conservation": 1.0000001552902418,
    "rotation_conservation": 0.9999999999999841,
    "unitarity_score": 0.999999922354887,
    "numerical_stability": true,
    "validation_passed": true
  },
  "pipeline_steps": [
    "centralized_calibration",
    "text_to_fractal_signal",
    "fractal_dimension_calculation",
    "quaternion_mapping",
    "spectral_filtering",
    "so4_rotation",
    "consciousness_processing",
    "dcf_token_analysis"
  ],
  "dcf_analysis": {
    "fci_value": 0.8,
    "consciousness_state": "LINGUISTIC_MAPPING"
  },
  "spectral_analysis": {
    "fundamental_freq": 0.95,
    "harmonic_ratios": [],
    "spectral_centroid": 0.4901684522628784,
    "spectral_spread": 0.2887502610683441,
    "phase_coherence": 0.06800231337547302,
    "magnitude": [
      0.7562575340270996,
      0.7602954506874084,
      0.7570052742958069,
      0.7466036677360535,
      0.7494078874588013,
      0.7551387548446655,
      0.7602390050888062,
      0.7561087012290955,
      0.7585110664367676,
      0.7484195828437805,
      0.7511256337165833,
      0.7446093559265137,
      0.7510896921157837,
      0.7553703784942627,
      0.7557738423347473,
      0.7475501298904419,
      0.7511803507804871,
      0.7496504187583923,
      0.7587009072303772,
      0.7535014748573303,
      0.7585006952285767,
      0.7488850951194763,
      0.759166955947876,
      0.7455954551696777,
      0.7549012899398804,
      0.7525308132171631,
      0.7573002576828003,
      0.7528316974639893,
      0.7587560415267944,
      0.7524380087852478,
      0.7531810998916626,
      0.7406578063964844,
      0.7581797242164612,
      0.7382393479347229,
      0.7535280585289001,
      0.7468969821929932,
      0.7592252492904663,
      0.7565555572509766,
      0.7531512379646301,
      0.7569543123245239,
      0.750045895576477,
      0.7366381883621216,
      0.7509046792984009,
      0.7524728775024414,
      0.7571024298667908,
      0.7548841238021851,
      0.7492690086364746,
      0.7462690472602844,
      0.7580072283744812,
      0.7603108882904053,
      0.7530150413513184,
      0.752587080001831
    ],
    "phase": [
      -2.3519020080566406,
      -2.3794727325439453,
      -2.3713908195495605,
      -2.343209743499756,
      -2.360027313232422,
      -2.359952449798584,
      -2.3690624237060547,
      -2.3604471683502197,
      -2.3673253059387207,
      -2.3442306518554688,
      -2.345459222793579,
      -2.3406665325164795,
      -2.362201452255249,
      -2.355609655380249,
      -2.3586645126342773,
      -2.3628830909729004,
      -2.3479762077331543,
      -2.3496816158294678,
      -2.3790884017944336,
      -2.3507609367370605,
      -2.359496593475342,
      -2.345942974090576,
      -2.362999439239502,
      -2.3461551666259766,
      -2.357314109802246,
      -2.351240873336792,
      -2.358969211578369,
      -2.3540520668029785,
      -2.367565870285034,
      -2.3535544872283936,
      -2.3571767807006836,
      -2.3330459594726562,
      -2.3609185218811035,
      -2.336153030395508,
      -2.349271774291992,
      -2.34173583984375,
      -2.373868465423584,
      -2.376784563064575,
      -2.3524930477142334,
      -2.358156204223633,
      -2.3652729988098145,
      -2.3253703117370605,
      -2.3513119220733643,
      -2.3476884365081787,
      -2.354788303375244,
      -2.3530468940734863,
      -2.3704895973205566,
      -2.3518638610839844,
      -2.355997085571289,
      -2.364621639251709,
      -2.3603601455688477,
      -2.346540927886963
    ],
    "f1_frequency": 1365.0007379663311,
    "f2_frequency": 2657.2757915969128,
    "f3_frequency": 4121.9483798854735,
    "f1_f2_ratio": 0.5136842559898618,
    "formant_spacing": 1292.2750536305816,
    "spectral_tilt": -0.014440134400501847,
    "unitarity_error": 0.0,
    "spectrum_stability": 0.0,
    "evolution_steps": 3,
    "prime_resonant_filtering": true,
    "leech_lattice_embedding": true
  },
  "dcf_validation": {
    "is_valid": true
  },
  "dcf_metadata": {},
  "semantic_analysis": {}
}