{
  "timestamp": "20251012_000347",
  "input_text": "e",
  "task": "text-generation",
  "device": "cpu",
  "status": "success",
  "response": "enable",
  "input_length": 1,
  "output_length": 6,
  "processing_time": -2.384185791015625e-07,
  "selected_method": "Linguistic Mapping System",
  "auto_calibration_applied": true,
  "physical_metrics": {
    "fractal_dimension": 2.0,
    "alpha_calibrated": 1.8,
    "beta_calibrated": 1.0,
    "I0_calibrated": 0.1,
    "omega_calibrated": 0.1,
    "k_calibrated": 4.0,
    "FCI": 0.8,
    "consciousness_state": "MEDITATION"
  },
  "mathematical_validation": {
    "energy_conservation_ratio": 0.9999999999999833,
    "filtering_conservation": 0.9999999999999833,
    "rotation_conservation": 0.9999999999999833,
    "unitarity_score": 0.9999999999999833,
    "numerical_stability": true,
    "validation_passed": true
  },
  "pipeline_steps": [
    "centralized_calibration",
    "text_to_fractal_signal",
    "fractal_dimension_calculation",
    "quaternion_mapping",
    "spectral_filtering",
    "so4_rotation",
    "consciousness_processing",
    "dcf_token_analysis"
  ],
  "dcf_analysis": {
    "fci_value": 0.8,
    "consciousness_state": "LINGUISTIC_MAPPING"
  },
  "spectral_analysis": {
    "fundamental_freq": 0.95,
    "harmonic_ratios": [],
    "spectral_centroid": 0.49025535583496094,
    "spectral_spread": 0.28882208466529846,
    "phase_coherence": 0.26125568151474,
    "magnitude": [
      0.7668224573135376,
      0.7666624188423157,
      0.768290102481842,
      0.7639188766479492,
      0.762738049030304,
      0.7604581117630005,
      0.7610185146331787,
      0.7692428827285767,
      0.7672805190086365,
      0.7622770071029663,
      0.7640564441680908,
      0.7732490301132202,
      0.7645142078399658,
      0.7714434266090393,
      0.7658616304397583,
      0.7679361701011658,
      0.7725232839584351,
      0.7649433016777039,
      0.743096113204956,
      0.7603247761726379,
      0.7545665502548218,
      0.7636047601699829,
      0.7596328258514404,
      0.7540611028671265,
      0.7658023238182068,
      0.7630524039268494,
      0.7708694934844971,
      0.7663114666938782,
      0.7713494896888733,
      0.7650231122970581,
      0.76798015832901,
      0.7666099071502686,
      0.7613804936408997,
      0.7728679180145264,
      0.7669764757156372,
      0.7709422707557678,
      0.7658772468566895,
      0.7632575035095215,
      0.7693557739257812,
      0.7624682188034058,
      0.7531850337982178,
      0.765434980392456,
      0.7665276527404785,
      0.7567645311355591,
      0.7622941732406616,
      0.764522135257721,
      0.7733829021453857,
      0.7736032009124756,
      0.7705817222595215,
      0.7718735337257385
    ],
    "phase": [
      -2.3540878295898438,
      -2.3724215030670166,
      -2.354494094848633,
      -2.34440541267395,
      -2.3600146770477295,
      -2.340542793273926,
      -2.3487231731414795,
      -2.3742592334747314,
      -2.3552119731903076,
      -2.34255313873291,
      -2.3543243408203125,
      -2.369079113006592,
      -2.373070478439331,
      -2.3681795597076416,
      -2.347302198410034,
      -2.35380220413208,
      -2.35774827003479,
      -2.3493857383728027,
      -2.3255391120910645,
      -2.34562349319458,
      -2.3386001586914062,
      -2.3476333618164062,
      -2.3464601039886475,
      -2.3361337184906006,
      -2.357635736465454,
      -2.3439650535583496,
      -2.35890531539917,
      -2.3585643768310547,
      -2.370725393295288,
      -2.3467624187469482,
      -2.3529624938964844,
      -2.354315996170044,
      -2.3475279808044434,
      -2.3656108379364014,
      -2.3606510162353516,
      -2.3560211658477783,
      -2.357074737548828,
      -2.3606672286987305,
      -2.3769819736480713,
      -2.351186752319336,
      -2.3511037826538086,
      -2.3634941577911377,
      -2.363430976867676,
      -2.3493549823760986,
      -2.3591785430908203,
      -2.347433090209961,
      -2.388650894165039,
      -2.3689210414886475,
      -2.3793883323669434,
      -2.372471332550049
    ],
    "f1_frequency": 1346.279566740226,
    "f2_frequency": 2696.4921480640246,
    "f3_frequency": 4172.111404139221,
    "f1_f2_ratio": 0.4992707164776289,
    "formant_spacing": 1350.2125813237985,
    "spectral_tilt": 0.34930404275655746,
    "unitarity_error": 0.0,
    "spectrum_stability": 0.0,
    "evolution_steps": 3,
    "prime_resonant_filtering": true,
    "leech_lattice_embedding": true
  },
  "dcf_validation": {
    "is_valid": true
  },
  "dcf_metadata": {},
  "semantic_analysis": {}
}