{
  "timestamp": "20251011_183711",
  "input_text": "b",
  "task": "text-generation",
  "device": "cpu",
  "status": "success",
  "response": "K",
  "input_length": 1,
  "output_length": 1,
  "processing_time": -4.76837158203125e-07,
  "selected_method": "Direct Genesis Decoding",
  "auto_calibration_applied": true,
  "physical_metrics": {
    "fractal_dimension": 2.0,
    "alpha_calibrated": 1.8,
    "beta_calibrated": 1.0,
    "I0_calibrated": 0.1,
    "omega_calibrated": 0.1,
    "k_calibrated": 4.0,
    "FCI": 0.8,
    "consciousness_state": "MEDITATION"
  },
  "mathematical_validation": {
    "energy_conservation_ratio": 0.9999999999999969,
    "filtering_conservation": 0.9999998335478176,
    "rotation_conservation": 1.000000166452176,
    "unitarity_score": 0.9999999999999969,
    "numerical_stability": true,
    "validation_passed": true
  },
  "pipeline_steps": [
    "centralized_calibration",
    "text_to_fractal_signal",
    "fractal_dimension_calculation",
    "quaternion_mapping",
    "spectral_filtering",
    "so4_rotation",
    "consciousness_processing",
    "dcf_token_analysis"
  ],
  "dcf_analysis": {
    "fci_value": 0.8,
    "consciousness_state": "DIRECT"
  },
  "spectral_analysis": {
    "fundamental_freq": 0.95,
    "harmonic_ratios": [],
    "spectral_centroid": 0.490296334028244,
    "spectral_spread": 0.288531631231308,
    "phase_coherence": 0.20043545961380005,
    "magnitude": [
      0.7518196105957031,
      0.7621230483055115,
      0.7530423402786255,
      0.7498656511306763,
      0.7602242231369019,
      0.7552846670150757,
      0.7520636320114136,
      0.755179226398468,
      0.7505050897598267,
      0.7450320720672607,
      0.7608192563056946,
      0.7530564665794373,
      0.7557846903800964,
      0.7512378692626953,
      0.7565664052963257,
      0.7572415471076965,
      0.7590576410293579,
      0.7623534202575684,
      0.7491743564605713,
      0.7633526921272278,
      0.7605893015861511,
      0.7564927339553833,
      0.760109543800354,
      0.7563450336456299,
      0.760591983795166,
      0.7581239938735962,
      0.754087507724762,
      0.7479850053787231,
      0.7530485987663269,
      0.7585746049880981,
      0.7613738775253296,
      0.7582072019577026,
      0.7593770027160645,
      0.7573100924491882,
      0.7543960809707642,
      0.7615749835968018,
      0.756516695022583,
      0.7456338405609131,
      0.7466399669647217,
      0.7585538625717163,
      0.7558135986328125,
      0.758256196975708,
      0.7639399170875549,
      0.7585434317588806,
      0.7620466351509094,
      0.7559609413146973,
      0.7579150199890137,
      0.7604522705078125,
      0.75175940990448,
      0.75413578748703
    ],
    "phase": [
      -2.345168352127075,
      -2.359484910964966,
      -2.3421435356140137,
      -2.3436264991760254,
      -2.3742032051086426,
      -2.3444979190826416,
      -2.359375,
      -2.354401111602783,
      -2.355417251586914,
      -2.3363735675811768,
      -2.3586697578430176,
      -2.347841262817383,
      -2.3532092571258545,
      -2.3389110565185547,
      -2.3597941398620605,
      -2.3461997509002686,
      -2.364506483078003,
      -2.3761143684387207,
      -2.3464162349700928,
      -2.356717824935913,
      -2.353034734725952,
      -2.3632068634033203,
      -2.3556933403015137,
      -2.3543100357055664,
      -2.352140426635742,
      -2.358616828918457,
      -2.363968849182129,
      -2.342674970626831,
      -2.360140562057495,
      -2.358947515487671,
      -2.3579938411712646,
      -2.3493051528930664,
      -2.3548240661621094,
      -2.3559277057647705,
      -2.3472750186920166,
      -2.3567049503326416,
      -2.3688337802886963,
      -2.346440076828003,
      -2.356235980987549,
      -2.3511064052581787,
      -2.3690860271453857,
      -2.3572115898132324,
      -2.366067409515381,
      -2.366992950439453,
      -2.3612172603607178,
      -2.3576173782348633,
      -2.3684802055358887,
      -2.351048469543457,
      -2.3470945358276367,
      -2.357107639312744
    ],
    "f1_frequency": 1490.0798187159232,
    "f2_frequency": 2976.567230724797,
    "f3_frequency": 4512.035108249999,
    "f1_f2_ratio": 0.5006034479365976,
    "formant_spacing": 1486.4874120088737,
    "spectral_tilt": 0.37114914506673813,
    "unitarity_error": 0.0,
    "spectrum_stability": 0.0,
    "evolution_steps": 3,
    "prime_resonant_filtering": true,
    "leech_lattice_embedding": true
  },
  "dcf_validation": {
    "is_valid": true
  },
  "dcf_metadata": {},
  "semantic_analysis": {}
}