{
  "timestamp": "20251012_000445",
  "input_text": "z",
  "task": "text-generation",
  "device": "cpu",
  "status": "success",
  "response": "behavior",
  "input_length": 1,
  "output_length": 8,
  "processing_time": -2.384185791015625e-07,
  "selected_method": "Linguistic Mapping System",
  "auto_calibration_applied": true,
  "physical_metrics": {
    "fractal_dimension": 2.0,
    "alpha_calibrated": 1.8,
    "beta_calibrated": 1.0,
    "I0_calibrated": 0.12007874995470047,
    "omega_calibrated": 0.1,
    "k_calibrated": 4.0,
    "FCI": 0.8,
    "consciousness_state": "MEDITATION"
  },
  "mathematical_validation": {
    "energy_conservation_ratio": 1.0000000685350559,
    "filtering_conservation": 1.0000001370701255,
    "rotation_conservation": 0.999999999999986,
    "unitarity_score": 0.9999999314649441,
    "numerical_stability": true,
    "validation_passed": true
  },
  "pipeline_steps": [
    "centralized_calibration",
    "text_to_fractal_signal",
    "fractal_dimension_calculation",
    "quaternion_mapping",
    "spectral_filtering",
    "so4_rotation",
    "consciousness_processing",
    "dcf_token_analysis"
  ],
  "dcf_analysis": {
    "fci_value": 0.8,
    "consciousness_state": "LINGUISTIC_MAPPING"
  },
  "spectral_analysis": {
    "fundamental_freq": 0.95,
    "harmonic_ratios": [],
    "spectral_centroid": 0.49015021324157715,
    "spectral_spread": 0.28877630829811096,
    "phase_coherence": 0.08414160460233688,
    "magnitude": [
      0.8213661909103394,
      0.8314809799194336,
      0.8264909386634827,
      0.8239829540252686,
      0.8330318927764893,
      0.8397500514984131,
      0.8269201517105103,
      0.8311294913291931,
      0.8381263017654419,
      0.8185617327690125,
      0.8366150259971619,
      0.838030219078064,
      0.8388429880142212,
      0.8198068141937256,
      0.8363664150238037,
      0.8267960548400879,
      0.8306900858879089,
      0.8371212482452393,
      0.8334749341011047,
      0.8342818021774292,
      0.8258086442947388,
      0.8266780972480774,
      0.821374773979187,
      0.8138926029205322,
      0.8215535283088684,
      0.8198584318161011,
      0.820486307144165,
      0.8297362327575684,
      0.8381365537643433,
      0.8360827565193176,
      0.8388748168945312,
      0.8238196969032288,
      0.8390299081802368,
      0.8265912532806396,
      0.8243256211280823,
      0.8391777276992798,
      0.8253023624420166,
      0.830565869808197,
      0.8377050757408142,
      0.8241991996765137,
      0.8239826560020447,
      0.8223517537117004,
      0.8235748410224915,
      0.8235251903533936,
      0.8296946287155151,
      0.8348684310913086,
      0.8370850682258606,
      0.8389759659767151,
      0.8331034183502197,
      0.8377381563186646
    ],
    "phase": [
      -2.345573902130127,
      -2.3560829162597656,
      -2.352217197418213,
      -2.3482582569122314,
      -2.3480446338653564,
      -2.3663344383239746,
      -2.3473565578460693,
      -2.367560386657715,
      -2.3645734786987305,
      -2.3598392009735107,
      -2.3548059463500977,
      -2.3656437397003174,
      -2.371265411376953,
      -2.3442463874816895,
      -2.3664088249206543,
      -2.3509581089019775,
      -2.355839967727661,
      -2.362652540206909,
      -2.3717358112335205,
      -2.364900588989258,
      -2.345219135284424,
      -2.358619213104248,
      -2.3445138931274414,
      -2.33323335647583,
      -2.3502111434936523,
      -2.3458151817321777,
      -2.3469271659851074,
      -2.3582167625427246,
      -2.4030370712280273,
      -2.3587939739227295,
      -2.359739065170288,
      -2.345811605453491,
      -2.3714160919189453,
      -2.358670473098755,
      -2.354008436203003,
      -2.36234974861145,
      -2.3549370765686035,
      -2.3553662300109863,
      -2.373520612716675,
      -2.3440732955932617,
      -2.343956470489502,
      -2.355302572250366,
      -2.342027187347412,
      -2.385477304458618,
      -2.346552848815918,
      -2.3597559928894043,
      -2.356417417526245,
      -2.365426540374756,
      -2.351545572280884,
      -2.3807384967803955
    ],
    "f1_frequency": 1345.2154301235414,
    "f2_frequency": 2749.5190694509815,
    "f3_frequency": 4170.578388649898,
    "f1_f2_ratio": 0.48925481007562216,
    "formant_spacing": 1404.3036393274401,
    "spectral_tilt": 0.3487221524119377,
    "unitarity_error": 0.0,
    "spectrum_stability": 0.0,
    "evolution_steps": 3,
    "prime_resonant_filtering": true,
    "leech_lattice_embedding": true
  },
  "dcf_validation": {
    "is_valid": true
  },
  "dcf_metadata": {},
  "semantic_analysis": {}
}