{
  "timestamp": "20251011_232734",
  "input_text": "b",
  "task": "text-generation",
  "device": "cpu",
  "status": "success",
  "response": "behavior",
  "input_length": 1,
  "output_length": 8,
  "processing_time": -2.384185791015625e-07,
  "selected_method": "Linguistic Mapping System",
  "auto_calibration_applied": true,
  "physical_metrics": {
    "fractal_dimension": 2.0,
    "alpha_calibrated": 1.8,
    "beta_calibrated": 1.0,
    "I0_calibrated": 0.1,
    "omega_calibrated": 0.1,
    "k_calibrated": 4.0,
    "FCI": 0.8,
    "consciousness_state": "MEDITATION"
  },
  "mathematical_validation": {
    "energy_conservation_ratio": 0.9999999999999969,
    "filtering_conservation": 0.9999998335478176,
    "rotation_conservation": 1.000000166452176,
    "unitarity_score": 0.9999999999999969,
    "numerical_stability": true,
    "validation_passed": true
  },
  "pipeline_steps": [
    "centralized_calibration",
    "text_to_fractal_signal",
    "fractal_dimension_calculation",
    "quaternion_mapping",
    "spectral_filtering",
    "so4_rotation",
    "consciousness_processing",
    "dcf_token_analysis"
  ],
  "dcf_analysis": {
    "fci_value": 0.8,
    "consciousness_state": "LINGUISTIC_MAPPING"
  },
  "spectral_analysis": {
    "fundamental_freq": 0.95,
    "harmonic_ratios": [],
    "spectral_centroid": 0.489820659160614,
    "spectral_spread": 0.28858956694602966,
    "phase_coherence": 0.1378764659166336,
    "magnitude": [
      0.7600290775299072,
      0.7573888301849365,
      0.7635418176651001,
      0.7544314861297607,
      0.7551082968711853,
      0.7574517726898193,
      0.7595053911209106,
      0.7555006742477417,
      0.7556570768356323,
      0.7500147819519043,
      0.7496420741081238,
      0.7542351484298706,
      0.7500698566436768,
      0.7572771906852722,
      0.7514991164207458,
      0.758985161781311,
      0.760098934173584,
      0.7588439583778381,
      0.7555739879608154,
      0.750071108341217,
      0.7549896240234375,
      0.7516975998878479,
      0.7541428208351135,
      0.7551557421684265,
      0.7625402212142944,
      0.7624318599700928,
      0.7444571256637573,
      0.7611377835273743,
      0.7569687366485596,
      0.7408910989761353,
      0.7640252709388733,
      0.7602049112319946,
      0.7560701370239258,
      0.7598477602005005,
      0.7634434103965759,
      0.7600958943367004,
      0.7538162469863892,
      0.7558847069740295,
      0.752841591835022,
      0.7519721984863281,
      0.7576441764831543,
      0.7544960975646973,
      0.7581725120544434,
      0.7529480457305908,
      0.7581826448440552,
      0.7574689984321594,
      0.7589759826660156,
      0.7461555600166321,
      0.7577587366104126,
      0.745252251625061
    ],
    "phase": [
      -2.369525909423828,
      -2.360614776611328,
      -2.37245512008667,
      -2.3563733100891113,
      -2.350170135498047,
      -2.3598692417144775,
      -2.357245445251465,
      -2.3604042530059814,
      -2.356659412384033,
      -2.346792697906494,
      -2.3471643924713135,
      -2.355877161026001,
      -2.336663246154785,
      -2.3491294384002686,
      -2.347519874572754,
      -2.353123903274536,
      -2.358431339263916,
      -2.353860855102539,
      -2.363102674484253,
      -2.3485171794891357,
      -2.3440918922424316,
      -2.347257137298584,
      -2.3495118618011475,
      -2.353994846343994,
      -2.3617019653320312,
      -2.383479118347168,
      -2.3338708877563477,
      -2.3660688400268555,
      -2.359592914581299,
      -2.334268569946289,
      -2.3622219562530518,
      -2.3519411087036133,
      -2.3444082736968994,
      -2.369828701019287,
      -2.357915163040161,
      -2.3562982082366943,
      -2.3507585525512695,
      -2.3654332160949707,
      -2.3556602001190186,
      -2.348757743835449,
      -2.3564419746398926,
      -2.3470325469970703,
      -2.355816125869751,
      -2.342891216278076,
      -2.3513989448547363,
      -2.353025436401367,
      -2.3594117164611816,
      -2.349398136138916,
      -2.3596394062042236,
      -2.343313455581665
    ],
    "f1_frequency": 1373.8649180830027,
    "f2_frequency": 2742.219702923059,
    "f3_frequency": 4142.554644679192,
    "f1_f2_ratio": 0.5010046848611498,
    "formant_spacing": 1368.354784840056,
    "spectral_tilt": 0.329258069396019,
    "unitarity_error": 0.0,
    "spectrum_stability": 0.0,
    "evolution_steps": 3,
    "prime_resonant_filtering": true,
    "leech_lattice_embedding": true
  },
  "dcf_validation": {
    "is_valid": true
  },
  "dcf_metadata": {},
  "semantic_analysis": {}
}