{
  "timestamp": "20251015_074527",
  "input_text": "Hello World",
  "physical_metrics": {
    "fractal_dimension": 1.9276610314846039,
    "alpha_calibrated": 1.7219091653823853,
    "beta_calibrated": 0.9511932283639908,
    "I0_calibrated": 0.29614320397377014,
    "omega_calibrated": 0.1,
    "k_calibrated": 3.804772913455963,
    "FCI": 0.8,
    "consciousness_state": "MEDITATION"
  },
  "mathematical_validation": {
    "energy_conservation_ratio": 0.0012796275837963673,
    "filtering_conservation": 0.0012702223940882166,
    "rotation_conservation": 0.0012890327735045183,
    "unitarity_score": 0.0012796275837964055,
    "numerical_stability": true,
    "validation_passed": false
  },
  "dcf_metadata": {}
}