{
  "timestamp": "20251014_002053",
  "input_text": "hello",
  "physical_metrics": {
    "fractal_dimension": 2.0,
    "alpha_calibrated": 1.7495015144348145,
    "beta_calibrated": 0.968438446521759,
    "I0_calibrated": 0.21482336521148682,
    "omega_calibrated": 0.1,
    "k_calibrated": 3.873753786087036,
    "FCI": 0.8,
    "consciousness_state": "MEDITATION"
  },
  "mathematical_validation": {
    "energy_conservation_ratio": 0.007925839977211845,
    "filtering_conservation": 0.014723203955118148,
    "rotation_conservation": 0.0011284759993055414,
    "unitarity_score": 0.007925839977211857,
    "numerical_stability": true,
    "validation_passed": false
  },
  "dcf_metadata": {}
}