{
  "timestamp": "20251011_232911",
  "input_text": "what color is the sky",
  "physical_metrics": {
    "fractal_dimension": 1.473833916708827,
    "alpha_calibrated": 1.6683040380477907,
    "beta_calibrated": 0.9176900237798691,
    "I0_calibrated": 0.41937631368637085,
    "omega_calibrated": 0.1,
    "k_calibrated": 3.6707600951194763,
    "FCI": 0.7369169583544135,
    "consciousness_state": "MEDITATION"
  },
  "mathematical_validation": {
    "energy_conservation_ratio": 1.0000000454741484,
    "filtering_conservation": 0.9999999999999954,
    "rotation_conservation": 1.0000000909483016,
    "unitarity_score": 0.9999999545258516,
    "numerical_stability": true,
    "validation_passed": true
  },
  "dcf_metadata": {}
}