{
  "timestamp": "20251012_000352",
  "input_text": "g",
  "task": "text-generation",
  "device": "cpu",
  "status": "success",
  "response": "fractal",
  "input_length": 1,
  "output_length": 7,
  "processing_time": -2.384185791015625e-07,
  "selected_method": "Linguistic Mapping System",
  "auto_calibration_applied": true,
  "physical_metrics": {
    "fractal_dimension": 2.0,
    "alpha_calibrated": 1.8,
    "beta_calibrated": 1.0,
    "I0_calibrated": 0.1013779491186142,
    "omega_calibrated": 0.1,
    "k_calibrated": 4.0,
    "FCI": 0.8,
    "consciousness_state": "MEDITATION"
  },
  "mathematical_validation": {
    "energy_conservation_ratio": 1.0000000796410098,
    "filtering_conservation": 1.000000079641013,
    "rotation_conservation": 1.0000000796410065,
    "unitarity_score": 0.9999999203589902,
    "numerical_stability": true,
    "validation_passed": true
  },
  "pipeline_steps": [
    "centralized_calibration",
    "text_to_fractal_signal",
    "fractal_dimension_calculation",
    "quaternion_mapping",
    "spectral_filtering",
    "so4_rotation",
    "consciousness_processing",
    "dcf_token_analysis"
  ],
  "dcf_analysis": {
    "fci_value": 0.8,
    "consciousness_state": "LINGUISTIC_MAPPING"
  },
  "spectral_analysis": {
    "fundamental_freq": 0.95,
    "harmonic_ratios": [],
    "spectral_centroid": 0.48953425884246826,
    "spectral_spread": 0.2882278561592102,
    "phase_coherence": 0.13032881915569305,
    "magnitude": [
      0.7557247877120972,
      0.7632322311401367,
      0.7691197395324707,
      0.7790426015853882,
      0.7711580991744995,
      0.7755805253982544,
      0.78220534324646,
      0.7675228714942932,
      0.7736485004425049,
      0.777355968952179,
      0.7748437523841858,
      0.7771685123443604,
      0.7764331698417664,
      0.7593330144882202,
      0.7792823314666748,
      0.7745742797851562,
      0.7759699821472168,
      0.7668238878250122,
      0.7752563953399658,
      0.768262505531311,
      0.7688707113265991,
      0.7743672728538513,
      0.7808846831321716,
      0.7767170071601868,
      0.7755082845687866,
      0.7798881530761719,
      0.7797156572341919,
      0.7782604694366455,
      0.7753104567527771,
      0.7745614647865295,
      0.7717782258987427,
      0.773563027381897,
      0.7765414118766785,
      0.7725390195846558,
      0.7706140279769897,
      0.7782203555107117,
      0.7769075036048889,
      0.7636384963989258,
      0.7702924013137817,
      0.7573099136352539,
      0.7593240737915039,
      0.7754716873168945,
      0.7359040379524231,
      0.7688308954238892,
      0.7707562446594238,
      0.777201235294342,
      0.7639721632003784,
      0.7728986740112305,
      0.7679768800735474,
      0.7770257592201233
    ],
    "phase": [
      -2.3495559692382812,
      -2.343313217163086,
      -2.354527473449707,
      -2.3643102645874023,
      -2.3516554832458496,
      -2.3577704429626465,
      -2.3700709342956543,
      -2.3404250144958496,
      -2.349260091781616,
      -2.362338066101074,
      -2.3717923164367676,
      -2.3685240745544434,
      -2.358473539352417,
      -2.3520193099975586,
      -2.368868350982666,
      -2.368361234664917,
      -2.3588333129882812,
      -2.341992139816284,
      -2.3668482303619385,
      -2.3434576988220215,
      -2.3562746047973633,
      -2.3539113998413086,
      -2.388538360595703,
      -2.3654167652130127,
      -2.366943359375,
      -2.3561007976531982,
      -2.3722126483917236,
      -2.3679707050323486,
      -2.3508799076080322,
      -2.357762336730957,
      -2.3606905937194824,
      -2.356229782104492,
      -2.360978841781616,
      -2.3568806648254395,
      -2.351093292236328,
      -2.356478452682495,
      -2.360049247741699,
      -2.3386504650115967,
      -2.3745036125183105,
      -2.3506691455841064,
      -2.331357479095459,
      -2.3688745498657227,
      -2.31229829788208,
      -2.3617441654205322,
      -2.365325927734375,
      -2.3670578002929688,
      -2.3549389839172363,
      -2.360238552093506,
      -2.34663987159729,
      -2.3553059101104736
    ],
    "f1_frequency": 1354.6690325534742,
    "f2_frequency": 2763.6708253702873,
    "f3_frequency": 3988.40672948096,
    "f1_f2_ratio": 0.4901701823957165,
    "formant_spacing": 1409.0017928168131,
    "spectral_tilt": 0.2801515720784664,
    "unitarity_error": 0.0,
    "spectrum_stability": 0.0,
    "evolution_steps": 3,
    "prime_resonant_filtering": true,
    "leech_lattice_embedding": true
  },
  "dcf_validation": {
    "is_valid": true
  },
  "dcf_metadata": {},
  "semantic_analysis": {}
}