{
  "timestamp": "20251012_000417",
  "input_text": "p",
  "task": "text-generation",
  "device": "cpu",
  "status": "success",
  "response": "parameter",
  "input_length": 1,
  "output_length": 9,
  "processing_time": -2.384185791015625e-07,
  "selected_method": "Linguistic Mapping System",
  "auto_calibration_applied": true,
  "physical_metrics": {
    "fractal_dimension": 2.0,
    "alpha_calibrated": 1.8,
    "beta_calibrated": 1.0,
    "I0_calibrated": 0.11023622006177902,
    "omega_calibrated": 0.1,
    "k_calibrated": 4.0,
    "FCI": 0.8,
    "consciousness_state": "MEDITATION"
  },
  "mathematical_validation": {
    "energy_conservation_ratio": 1.0000000739223047,
    "filtering_conservation": 0.9999999999999849,
    "rotation_conservation": 1.0000001478446243,
    "unitarity_score": 0.9999999260776953,
    "numerical_stability": true,
    "validation_passed": true
  },
  "pipeline_steps": [
    "centralized_calibration",
    "text_to_fractal_signal",
    "fractal_dimension_calculation",
    "quaternion_mapping",
    "spectral_filtering",
    "so4_rotation",
    "consciousness_processing",
    "dcf_token_analysis"
  ],
  "dcf_analysis": {
    "fci_value": 0.8,
    "consciousness_state": "LINGUISTIC_MAPPING"
  },
  "spectral_analysis": {
    "fundamental_freq": 0.95,
    "harmonic_ratios": [],
    "spectral_centroid": 0.49006420373916626,
    "spectral_spread": 0.28889358043670654,
    "phase_coherence": 0.13129597902297974,
    "magnitude": [
      0.8043962717056274,
      0.8027361035346985,
      0.8074005842208862,
      0.8039069175720215,
      0.8045639991760254,
      0.7980635166168213,
      0.8079454302787781,
      0.8032210469245911,
      0.8076401948928833,
      0.7935715913772583,
      0.8061180114746094,
      0.7917860746383667,
      0.8076646327972412,
      0.7929570078849792,
      0.8065910339355469,
      0.786637544631958,
      0.7891709804534912,
      0.8035084009170532,
      0.7973942756652832,
      0.7908979058265686,
      0.8102743625640869,
      0.7933867573738098,
      0.8023576736450195,
      0.7900972366333008,
      0.8057138919830322,
      0.80322265625,
      0.8098533153533936,
      0.7986473441123962,
      0.7931212782859802,
      0.8073645234107971,
      0.7916485667228699,
      0.7969539165496826,
      0.8096773028373718,
      0.7987004518508911,
      0.8037776947021484,
      0.7919899225234985,
      0.8093113303184509,
      0.8070642948150635,
      0.791863203048706,
      0.802667498588562,
      0.7980011701583862,
      0.7987725734710693,
      0.8034937381744385,
      0.8097743391990662,
      0.8082574009895325,
      0.8030916452407837,
      0.8060786724090576,
      0.7871173024177551,
      0.8035979270935059,
      0.8090343475341797
    ],
    "phase": [
      -2.349429130554199,
      -2.3688554763793945,
      -2.3829667568206787,
      -2.356330394744873,
      -2.366497755050659,
      -2.36210036277771,
      -2.37905216217041,
      -2.3596315383911133,
      -2.3591856956481934,
      -2.3475074768066406,
      -2.3649113178253174,
      -2.3432159423828125,
      -2.366611957550049,
      -2.3370392322540283,
      -2.366034984588623,
      -2.3335657119750977,
      -2.3425512313842773,
      -2.350165843963623,
      -2.356379270553589,
      -2.339366912841797,
      -2.3604094982147217,
      -2.3446106910705566,
      -2.3616437911987305,
      -2.3432016372680664,
      -2.362668037414551,
      -2.3522520065307617,
      -2.3673453330993652,
      -2.354665517807007,
      -2.3524889945983887,
      -2.3615219593048096,
      -2.355909824371338,
      -2.342082977294922,
      -2.3620481491088867,
      -2.3462276458740234,
      -2.380577564239502,
      -2.3427603244781494,
      -2.3769726753234863,
      -2.3745245933532715,
      -2.353736639022827,
      -2.371438980102539,
      -2.3404550552368164,
      -2.3483705520629883,
      -2.3581199645996094,
      -2.3687679767608643,
      -2.365619659423828,
      -2.3660316467285156,
      -2.360947847366333,
      -2.334427833557129,
      -2.3465542793273926,
      -2.3601772785186768
    ],
    "f1_frequency": 1572.6264566365292,
    "f2_frequency": 3049.6217856838907,
    "f3_frequency": 4576.849260101718,
    "f1_f2_ratio": 0.5156791783227181,
    "formant_spacing": 1476.9953290473616,
    "spectral_tilt": 0.3434400260448456,
    "unitarity_error": 0.0,
    "spectrum_stability": 0.0,
    "evolution_steps": 3,
    "prime_resonant_filtering": true,
    "leech_lattice_embedding": true
  },
  "dcf_validation": {
    "is_valid": true
  },
  "dcf_metadata": {},
  "semantic_analysis": {}
}