{
  "timestamp": "20251012_000403",
  "input_text": "k",
  "task": "text-generation",
  "device": "cpu",
  "status": "success",
  "response": "model",
  "input_length": 1,
  "output_length": 5,
  "processing_time": -2.384185791015625e-07,
  "selected_method": "Linguistic Mapping System",
  "auto_calibration_applied": true,
  "physical_metrics": {
    "fractal_dimension": 2.0,
    "alpha_calibrated": 1.8,
    "beta_calibrated": 1.0,
    "I0_calibrated": 0.1053149625658989,
    "omega_calibrated": 0.1,
    "k_calibrated": 4.0,
    "FCI": 0.8,
    "consciousness_state": "MEDITATION"
  },
  "mathematical_validation": {
    "energy_conservation_ratio": 1.0000000384942842,
    "filtering_conservation": 1.0000003079541002,
    "rotation_conservation": 0.9999997690344683,
    "unitarity_score": 0.9999999615057158,
    "numerical_stability": true,
    "validation_passed": true
  },
  "pipeline_steps": [
    "centralized_calibration",
    "text_to_fractal_signal",
    "fractal_dimension_calculation",
    "quaternion_mapping",
    "spectral_filtering",
    "so4_rotation",
    "consciousness_processing",
    "dcf_token_analysis"
  ],
  "dcf_analysis": {
    "fci_value": 0.8,
    "consciousness_state": "LINGUISTIC_MAPPING"
  },
  "spectral_analysis": {
    "fundamental_freq": 0.95,
    "harmonic_ratios": [],
    "spectral_centroid": 0.49009692668914795,
    "spectral_spread": 0.28850308060646057,
    "phase_coherence": 0.08478189259767532,
    "magnitude": [
      0.7679709196090698,
      0.7845438718795776,
      0.7740728855133057,
      0.7843737602233887,
      0.7851073145866394,
      0.7929584980010986,
      0.7918038368225098,
      0.7849547863006592,
      0.78870689868927,
      0.7757095694541931,
      0.7896628379821777,
      0.7742385268211365,
      0.7876670956611633,
      0.7908537983894348,
      0.7820918560028076,
      0.7863664627075195,
      0.7850419282913208,
      0.7749146223068237,
      0.787013828754425,
      0.7866506576538086,
      0.7781550288200378,
      0.7902324795722961,
      0.7867516279220581,
      0.7852001786231995,
      0.7920241951942444,
      0.7842748165130615,
      0.7756484150886536,
      0.7846356630325317,
      0.7923063635826111,
      0.7766778469085693,
      0.7847977876663208,
      0.7752789855003357,
      0.7869314551353455,
      0.7851877212524414,
      0.790032684803009,
      0.7861549854278564,
      0.7827837467193604,
      0.7746497988700867,
      0.7790800333023071,
      0.7829329371452332,
      0.7802802324295044,
      0.7906796336174011,
      0.7850165367126465,
      0.779654860496521,
      0.7920743227005005,
      0.7921961545944214,
      0.7838751673698425,
      0.7740047574043274,
      0.7832799553871155,
      0.7864325046539307
    ],
    "phase": [
      -2.3386662006378174,
      -2.352257013320923,
      -2.354400396347046,
      -2.3457131385803223,
      -2.3638932704925537,
      -2.3717613220214844,
      -2.3637747764587402,
      -2.351714849472046,
      -2.365511894226074,
      -2.344545364379883,
      -2.366795063018799,
      -2.3389625549316406,
      -2.354038715362549,
      -2.3739993572235107,
      -2.379868507385254,
      -2.3626346588134766,
      -2.3616185188293457,
      -2.3460960388183594,
      -2.371791362762451,
      -2.35270094871521,
      -2.347742795944214,
      -2.386273145675659,
      -2.348200559616089,
      -2.353111982345581,
      -2.354979991912842,
      -2.370784282684326,
      -2.338749408721924,
      -2.3589494228363037,
      -2.368927001953125,
      -2.337803363800049,
      -2.3554117679595947,
      -2.3497743606567383,
      -2.3630306720733643,
      -2.3506288528442383,
      -2.3623361587524414,
      -2.3642210960388184,
      -2.343777656555176,
      -2.340690851211548,
      -2.3521780967712402,
      -2.358297824859619,
      -2.3498458862304688,
      -2.365011215209961,
      -2.359666347503662,
      -2.357731819152832,
      -2.3649330139160156,
      -2.3619816303253174,
      -2.3538308143615723,
      -2.332979440689087,
      -2.3477373123168945,
      -2.360119104385376
    ],
    "f1_frequency": 1492.2839692944733,
    "f2_frequency": 2987.8428244454244,
    "f3_frequency": 4410.448998076062,
    "f1_f2_ratio": 0.4994519648373596,
    "formant_spacing": 1495.558855150951,
    "spectral_tilt": 0.35359080880880356,
    "unitarity_error": 0.0,
    "spectrum_stability": 0.0,
    "evolution_steps": 3,
    "prime_resonant_filtering": true,
    "leech_lattice_embedding": true
  },
  "dcf_validation": {
    "is_valid": true
  },
  "dcf_metadata": {},
  "semantic_analysis": {}
}