{
  "training_history": [
    {
      "epoch": 1,
      "loss": 0.5819093519821763,
      "time": 0.8606808185577393,
      "learning_rate": 9.999975326009292e-05
    }
  ],
  "final_stability_metrics": {
    "unitarity_error": 0.0,
    "spectrum_stability": 0.00342154493484551,
    "evolution_steps": 3,
    "energy_preservation": 0.6501421332359314,
    "energy_error": 0.3498578667640686,
    "similarity_preservation": 1.0,
    "similarity_a_A": 0.7257735729217529,
    "similarity_a_z": 0.6495842337608337
  },
  "config": {
    "embed_dim": 64,
    "epochs": 1,
    "device": "cpu"
  }
}